# InSight catalogue art credits — GENERATED by scripts/build-catalog-art.mjs pokemon, do not edit.
# One row per image under web/catalog-art/pokemon/:
# key<TAB>file<TAB>name<TAB>author<TAB>licence<TAB>source
# The key is the catalogue key (public/pokedex.txt); the file is what
# hosting serves; author and licence are what the licence requires shown
# beside the picture, which the app's credits sheet draws from this file.
# A takedown is `node scripts/build-catalog-art.mjs pokemon --remove <key>` (D420).
# 1025 entries.
1	1.webp	Bulbasaur	Nintendo / Creatures Inc. / GAME FREAK inc.	PokeAPI	https://github.com/PokeAPI/sprites/blob/master/sprites/pokemon/other/official-artwork/1.png
2	2.webp	Ivysaur	Nintendo / Creatures Inc. / GAME FREAK inc.	PokeAPI	https://github.com/PokeAPI/sprites/blob/master/sprites/pokemon/other/official-artwork/2.png
3	3.webp	Venusaur	Nintendo / Creatures Inc. / GAME FREAK inc.	PokeAPI	https://github.com/PokeAPI/sprites/blob/master/sprites/pokemon/other/official-artwork/3.png
4	4.webp	Charmander	Nintendo / Creatures Inc. / GAME FREAK inc.	PokeAPI	https://github.com/PokeAPI/sprites/blob/master/sprites/pokemon/other/official-artwork/4.png
5	5.webp	Charmeleon	Nintendo / Creatures Inc. / GAME FREAK inc.	PokeAPI	https://github.com/PokeAPI/sprites/blob/master/sprites/pokemon/other/official-artwork/5.png
6	6.webp	Charizard	Nintendo / Creatures Inc. / GAME FREAK inc.	PokeAPI	https://github.com/PokeAPI/sprites/blob/master/sprites/pokemon/other/official-artwork/6.png
7	7.webp	Squirtle	Nintendo / Creatures Inc. / GAME FREAK inc.	PokeAPI	https://github.com/PokeAPI/sprites/blob/master/sprites/pokemon/other/official-artwork/7.png
8	8.webp	Wartortle	Nintendo / Creatures Inc. / GAME FREAK inc.	PokeAPI	https://github.com/PokeAPI/sprites/blob/master/sprites/pokemon/other/official-artwork/8.png
9	9.webp	Blastoise	Nintendo / Creatures Inc. / GAME FREAK inc.	PokeAPI	https://github.com/PokeAPI/sprites/blob/master/sprites/pokemon/other/official-artwork/9.png
10	10.webp	Caterpie	Nintendo / Creatures Inc. / GAME FREAK inc.	PokeAPI	https://github.com/PokeAPI/sprites/blob/master/sprites/pokemon/other/official-artwork/10.png
11	11.webp	Metapod	Nintendo / Creatures Inc. / GAME FREAK inc.	PokeAPI	https://github.com/PokeAPI/sprites/blob/master/sprites/pokemon/other/official-artwork/11.png
12	12.webp	Butterfree	Nintendo / Creatures Inc. / GAME FREAK inc.	PokeAPI	https://github.com/PokeAPI/sprites/blob/master/sprites/pokemon/other/official-artwork/12.png
13	13.webp	Weedle	Nintendo / Creatures Inc. / GAME FREAK inc.	PokeAPI	https://github.com/PokeAPI/sprites/blob/master/sprites/pokemon/other/official-artwork/13.png
14	14.webp	Kakuna	Nintendo / Creatures Inc. / GAME FREAK inc.	PokeAPI	https://github.com/PokeAPI/sprites/blob/master/sprites/pokemon/other/official-artwork/14.png
15	15.webp	Beedrill	Nintendo / Creatures Inc. / GAME FREAK inc.	PokeAPI	https://github.com/PokeAPI/sprites/blob/master/sprites/pokemon/other/official-artwork/15.png
16	16.webp	Pidgey	Nintendo / Creatures Inc. / GAME FREAK inc.	PokeAPI	https://github.com/PokeAPI/sprites/blob/master/sprites/pokemon/other/official-artwork/16.png
17	17.webp	Pidgeotto	Nintendo / Creatures Inc. / GAME FREAK inc.	PokeAPI	https://github.com/PokeAPI/sprites/blob/master/sprites/pokemon/other/official-artwork/17.png
18	18.webp	Pidgeot	Nintendo / Creatures Inc. / GAME FREAK inc.	PokeAPI	https://github.com/PokeAPI/sprites/blob/master/sprites/pokemon/other/official-artwork/18.png
19	19.webp	Rattata	Nintendo / Creatures Inc. / GAME FREAK inc.	PokeAPI	https://github.com/PokeAPI/sprites/blob/master/sprites/pokemon/other/official-artwork/19.png
20	20.webp	Raticate	Nintendo / Creatures Inc. / GAME FREAK inc.	PokeAPI	https://github.com/PokeAPI/sprites/blob/master/sprites/pokemon/other/official-artwork/20.png
21	21.webp	Spearow	Nintendo / Creatures Inc. / GAME FREAK inc.	PokeAPI	https://github.com/PokeAPI/sprites/blob/master/sprites/pokemon/other/official-artwork/21.png
22	22.webp	Fearow	Nintendo / Creatures Inc. / GAME FREAK inc.	PokeAPI	https://github.com/PokeAPI/sprites/blob/master/sprites/pokemon/other/official-artwork/22.png
23	23.webp	Ekans	Nintendo / Creatures Inc. / GAME FREAK inc.	PokeAPI	https://github.com/PokeAPI/sprites/blob/master/sprites/pokemon/other/official-artwork/23.png
24	24.webp	Arbok	Nintendo / Creatures Inc. / GAME FREAK inc.	PokeAPI	https://github.com/PokeAPI/sprites/blob/master/sprites/pokemon/other/official-artwork/24.png
25	25.webp	Pikachu	Nintendo / Creatures Inc. / GAME FREAK inc.	PokeAPI	https://github.com/PokeAPI/sprites/blob/master/sprites/pokemon/other/official-artwork/25.png
26	26.webp	Raichu	Nintendo / Creatures Inc. / GAME FREAK inc.	PokeAPI	https://github.com/PokeAPI/sprites/blob/master/sprites/pokemon/other/official-artwork/26.png
27	27.webp	Sandshrew	Nintendo / Creatures Inc. / GAME FREAK inc.	PokeAPI	https://github.com/PokeAPI/sprites/blob/master/sprites/pokemon/other/official-artwork/27.png
28	28.webp	Sandslash	Nintendo / Creatures Inc. / GAME FREAK inc.	PokeAPI	https://github.com/PokeAPI/sprites/blob/master/sprites/pokemon/other/official-artwork/28.png
29	29.webp	Nidoran♀	Nintendo / Creatures Inc. / GAME FREAK inc.	PokeAPI	https://github.com/PokeAPI/sprites/blob/master/sprites/pokemon/other/official-artwork/29.png
30	30.webp	Nidorina	Nintendo / Creatures Inc. / GAME FREAK inc.	PokeAPI	https://github.com/PokeAPI/sprites/blob/master/sprites/pokemon/other/official-artwork/30.png
31	31.webp	Nidoqueen	Nintendo / Creatures Inc. / GAME FREAK inc.	PokeAPI	https://github.com/PokeAPI/sprites/blob/master/sprites/pokemon/other/official-artwork/31.png
32	32.webp	Nidoran♂	Nintendo / Creatures Inc. / GAME FREAK inc.	PokeAPI	https://github.com/PokeAPI/sprites/blob/master/sprites/pokemon/other/official-artwork/32.png
33	33.webp	Nidorino	Nintendo / Creatures Inc. / GAME FREAK inc.	PokeAPI	https://github.com/PokeAPI/sprites/blob/master/sprites/pokemon/other/official-artwork/33.png
34	34.webp	Nidoking	Nintendo / Creatures Inc. / GAME FREAK inc.	PokeAPI	https://github.com/PokeAPI/sprites/blob/master/sprites/pokemon/other/official-artwork/34.png
35	35.webp	Clefairy	Nintendo / Creatures Inc. / GAME FREAK inc.	PokeAPI	https://github.com/PokeAPI/sprites/blob/master/sprites/pokemon/other/official-artwork/35.png
36	36.webp	Clefable	Nintendo / Creatures Inc. / GAME FREAK inc.	PokeAPI	https://github.com/PokeAPI/sprites/blob/master/sprites/pokemon/other/official-artwork/36.png
37	37.webp	Vulpix	Nintendo / Creatures Inc. / GAME FREAK inc.	PokeAPI	https://github.com/PokeAPI/sprites/blob/master/sprites/pokemon/other/official-artwork/37.png
38	38.webp	Ninetales	Nintendo / Creatures Inc. / GAME FREAK inc.	PokeAPI	https://github.com/PokeAPI/sprites/blob/master/sprites/pokemon/other/official-artwork/38.png
39	39.webp	Jigglypuff	Nintendo / Creatures Inc. / GAME FREAK inc.	PokeAPI	https://github.com/PokeAPI/sprites/blob/master/sprites/pokemon/other/official-artwork/39.png
40	40.webp	Wigglytuff	Nintendo / Creatures Inc. / GAME FREAK inc.	PokeAPI	https://github.com/PokeAPI/sprites/blob/master/sprites/pokemon/other/official-artwork/40.png
41	41.webp	Zubat	Nintendo / Creatures Inc. / GAME FREAK inc.	PokeAPI	https://github.com/PokeAPI/sprites/blob/master/sprites/pokemon/other/official-artwork/41.png
42	42.webp	Golbat	Nintendo / Creatures Inc. / GAME FREAK inc.	PokeAPI	https://github.com/PokeAPI/sprites/blob/master/sprites/pokemon/other/official-artwork/42.png
43	43.webp	Oddish	Nintendo / Creatures Inc. / GAME FREAK inc.	PokeAPI	https://github.com/PokeAPI/sprites/blob/master/sprites/pokemon/other/official-artwork/43.png
44	44.webp	Gloom	Nintendo / Creatures Inc. / GAME FREAK inc.	PokeAPI	https://github.com/PokeAPI/sprites/blob/master/sprites/pokemon/other/official-artwork/44.png
45	45.webp	Vileplume	Nintendo / Creatures Inc. / GAME FREAK inc.	PokeAPI	https://github.com/PokeAPI/sprites/blob/master/sprites/pokemon/other/official-artwork/45.png
46	46.webp	Paras	Nintendo / Creatures Inc. / GAME FREAK inc.	PokeAPI	https://github.com/PokeAPI/sprites/blob/master/sprites/pokemon/other/official-artwork/46.png
47	47.webp	Parasect	Nintendo / Creatures Inc. / GAME FREAK inc.	PokeAPI	https://github.com/PokeAPI/sprites/blob/master/sprites/pokemon/other/official-artwork/47.png
48	48.webp	Venonat	Nintendo / Creatures Inc. / GAME FREAK inc.	PokeAPI	https://github.com/PokeAPI/sprites/blob/master/sprites/pokemon/other/official-artwork/48.png
49	49.webp	Venomoth	Nintendo / Creatures Inc. / GAME FREAK inc.	PokeAPI	https://github.com/PokeAPI/sprites/blob/master/sprites/pokemon/other/official-artwork/49.png
50	50.webp	Diglett	Nintendo / Creatures Inc. / GAME FREAK inc.	PokeAPI	https://github.com/PokeAPI/sprites/blob/master/sprites/pokemon/other/official-artwork/50.png
51	51.webp	Dugtrio	Nintendo / Creatures Inc. / GAME FREAK inc.	PokeAPI	https://github.com/PokeAPI/sprites/blob/master/sprites/pokemon/other/official-artwork/51.png
52	52.webp	Meowth	Nintendo / Creatures Inc. / GAME FREAK inc.	PokeAPI	https://github.com/PokeAPI/sprites/blob/master/sprites/pokemon/other/official-artwork/52.png
53	53.webp	Persian	Nintendo / Creatures Inc. / GAME FREAK inc.	PokeAPI	https://github.com/PokeAPI/sprites/blob/master/sprites/pokemon/other/official-artwork/53.png
54	54.webp	Psyduck	Nintendo / Creatures Inc. / GAME FREAK inc.	PokeAPI	https://github.com/PokeAPI/sprites/blob/master/sprites/pokemon/other/official-artwork/54.png
55	55.webp	Golduck	Nintendo / Creatures Inc. / GAME FREAK inc.	PokeAPI	https://github.com/PokeAPI/sprites/blob/master/sprites/pokemon/other/official-artwork/55.png
56	56.webp	Mankey	Nintendo / Creatures Inc. / GAME FREAK inc.	PokeAPI	https://github.com/PokeAPI/sprites/blob/master/sprites/pokemon/other/official-artwork/56.png
57	57.webp	Primeape	Nintendo / Creatures Inc. / GAME FREAK inc.	PokeAPI	https://github.com/PokeAPI/sprites/blob/master/sprites/pokemon/other/official-artwork/57.png
58	58.webp	Growlithe	Nintendo / Creatures Inc. / GAME FREAK inc.	PokeAPI	https://github.com/PokeAPI/sprites/blob/master/sprites/pokemon/other/official-artwork/58.png
59	59.webp	Arcanine	Nintendo / Creatures Inc. / GAME FREAK inc.	PokeAPI	https://github.com/PokeAPI/sprites/blob/master/sprites/pokemon/other/official-artwork/59.png
60	60.webp	Poliwag	Nintendo / Creatures Inc. / GAME FREAK inc.	PokeAPI	https://github.com/PokeAPI/sprites/blob/master/sprites/pokemon/other/official-artwork/60.png
61	61.webp	Poliwhirl	Nintendo / Creatures Inc. / GAME FREAK inc.	PokeAPI	https://github.com/PokeAPI/sprites/blob/master/sprites/pokemon/other/official-artwork/61.png
62	62.webp	Poliwrath	Nintendo / Creatures Inc. / GAME FREAK inc.	PokeAPI	https://github.com/PokeAPI/sprites/blob/master/sprites/pokemon/other/official-artwork/62.png
63	63.webp	Abra	Nintendo / Creatures Inc. / GAME FREAK inc.	PokeAPI	https://github.com/PokeAPI/sprites/blob/master/sprites/pokemon/other/official-artwork/63.png
64	64.webp	Kadabra	Nintendo / Creatures Inc. / GAME FREAK inc.	PokeAPI	https://github.com/PokeAPI/sprites/blob/master/sprites/pokemon/other/official-artwork/64.png
65	65.webp	Alakazam	Nintendo / Creatures Inc. / GAME FREAK inc.	PokeAPI	https://github.com/PokeAPI/sprites/blob/master/sprites/pokemon/other/official-artwork/65.png
66	66.webp	Machop	Nintendo / Creatures Inc. / GAME FREAK inc.	PokeAPI	https://github.com/PokeAPI/sprites/blob/master/sprites/pokemon/other/official-artwork/66.png
67	67.webp	Machoke	Nintendo / Creatures Inc. / GAME FREAK inc.	PokeAPI	https://github.com/PokeAPI/sprites/blob/master/sprites/pokemon/other/official-artwork/67.png
68	68.webp	Machamp	Nintendo / Creatures Inc. / GAME FREAK inc.	PokeAPI	https://github.com/PokeAPI/sprites/blob/master/sprites/pokemon/other/official-artwork/68.png
69	69.webp	Bellsprout	Nintendo / Creatures Inc. / GAME FREAK inc.	PokeAPI	https://github.com/PokeAPI/sprites/blob/master/sprites/pokemon/other/official-artwork/69.png
70	70.webp	Weepinbell	Nintendo / Creatures Inc. / GAME FREAK inc.	PokeAPI	https://github.com/PokeAPI/sprites/blob/master/sprites/pokemon/other/official-artwork/70.png
71	71.webp	Victreebel	Nintendo / Creatures Inc. / GAME FREAK inc.	PokeAPI	https://github.com/PokeAPI/sprites/blob/master/sprites/pokemon/other/official-artwork/71.png
72	72.webp	Tentacool	Nintendo / Creatures Inc. / GAME FREAK inc.	PokeAPI	https://github.com/PokeAPI/sprites/blob/master/sprites/pokemon/other/official-artwork/72.png
73	73.webp	Tentacruel	Nintendo / Creatures Inc. / GAME FREAK inc.	PokeAPI	https://github.com/PokeAPI/sprites/blob/master/sprites/pokemon/other/official-artwork/73.png
74	74.webp	Geodude	Nintendo / Creatures Inc. / GAME FREAK inc.	PokeAPI	https://github.com/PokeAPI/sprites/blob/master/sprites/pokemon/other/official-artwork/74.png
75	75.webp	Graveler	Nintendo / Creatures Inc. / GAME FREAK inc.	PokeAPI	https://github.com/PokeAPI/sprites/blob/master/sprites/pokemon/other/official-artwork/75.png
76	76.webp	Golem	Nintendo / Creatures Inc. / GAME FREAK inc.	PokeAPI	https://github.com/PokeAPI/sprites/blob/master/sprites/pokemon/other/official-artwork/76.png
77	77.webp	Ponyta	Nintendo / Creatures Inc. / GAME FREAK inc.	PokeAPI	https://github.com/PokeAPI/sprites/blob/master/sprites/pokemon/other/official-artwork/77.png
78	78.webp	Rapidash	Nintendo / Creatures Inc. / GAME FREAK inc.	PokeAPI	https://github.com/PokeAPI/sprites/blob/master/sprites/pokemon/other/official-artwork/78.png
79	79.webp	Slowpoke	Nintendo / Creatures Inc. / GAME FREAK inc.	PokeAPI	https://github.com/PokeAPI/sprites/blob/master/sprites/pokemon/other/official-artwork/79.png
80	80.webp	Slowbro	Nintendo / Creatures Inc. / GAME FREAK inc.	PokeAPI	https://github.com/PokeAPI/sprites/blob/master/sprites/pokemon/other/official-artwork/80.png
81	81.webp	Magnemite	Nintendo / Creatures Inc. / GAME FREAK inc.	PokeAPI	https://github.com/PokeAPI/sprites/blob/master/sprites/pokemon/other/official-artwork/81.png
82	82.webp	Magneton	Nintendo / Creatures Inc. / GAME FREAK inc.	PokeAPI	https://github.com/PokeAPI/sprites/blob/master/sprites/pokemon/other/official-artwork/82.png
83	83.webp	Farfetch'd	Nintendo / Creatures Inc. / GAME FREAK inc.	PokeAPI	https://github.com/PokeAPI/sprites/blob/master/sprites/pokemon/other/official-artwork/83.png
84	84.webp	Doduo	Nintendo / Creatures Inc. / GAME FREAK inc.	PokeAPI	https://github.com/PokeAPI/sprites/blob/master/sprites/pokemon/other/official-artwork/84.png
85	85.webp	Dodrio	Nintendo / Creatures Inc. / GAME FREAK inc.	PokeAPI	https://github.com/PokeAPI/sprites/blob/master/sprites/pokemon/other/official-artwork/85.png
86	86.webp	Seel	Nintendo / Creatures Inc. / GAME FREAK inc.	PokeAPI	https://github.com/PokeAPI/sprites/blob/master/sprites/pokemon/other/official-artwork/86.png
87	87.webp	Dewgong	Nintendo / Creatures Inc. / GAME FREAK inc.	PokeAPI	https://github.com/PokeAPI/sprites/blob/master/sprites/pokemon/other/official-artwork/87.png
88	88.webp	Grimer	Nintendo / Creatures Inc. / GAME FREAK inc.	PokeAPI	https://github.com/PokeAPI/sprites/blob/master/sprites/pokemon/other/official-artwork/88.png
89	89.webp	Muk	Nintendo / Creatures Inc. / GAME FREAK inc.	PokeAPI	https://github.com/PokeAPI/sprites/blob/master/sprites/pokemon/other/official-artwork/89.png
90	90.webp	Shellder	Nintendo / Creatures Inc. / GAME FREAK inc.	PokeAPI	https://github.com/PokeAPI/sprites/blob/master/sprites/pokemon/other/official-artwork/90.png
91	91.webp	Cloyster	Nintendo / Creatures Inc. / GAME FREAK inc.	PokeAPI	https://github.com/PokeAPI/sprites/blob/master/sprites/pokemon/other/official-artwork/91.png
92	92.webp	Gastly	Nintendo / Creatures Inc. / GAME FREAK inc.	PokeAPI	https://github.com/PokeAPI/sprites/blob/master/sprites/pokemon/other/official-artwork/92.png
93	93.webp	Haunter	Nintendo / Creatures Inc. / GAME FREAK inc.	PokeAPI	https://github.com/PokeAPI/sprites/blob/master/sprites/pokemon/other/official-artwork/93.png
94	94.webp	Gengar	Nintendo / Creatures Inc. / GAME FREAK inc.	PokeAPI	https://github.com/PokeAPI/sprites/blob/master/sprites/pokemon/other/official-artwork/94.png
95	95.webp	Onix	Nintendo / Creatures Inc. / GAME FREAK inc.	PokeAPI	https://github.com/PokeAPI/sprites/blob/master/sprites/pokemon/other/official-artwork/95.png
96	96.webp	Drowzee	Nintendo / Creatures Inc. / GAME FREAK inc.	PokeAPI	https://github.com/PokeAPI/sprites/blob/master/sprites/pokemon/other/official-artwork/96.png
97	97.webp	Hypno	Nintendo / Creatures Inc. / GAME FREAK inc.	PokeAPI	https://github.com/PokeAPI/sprites/blob/master/sprites/pokemon/other/official-artwork/97.png
98	98.webp	Krabby	Nintendo / Creatures Inc. / GAME FREAK inc.	PokeAPI	https://github.com/PokeAPI/sprites/blob/master/sprites/pokemon/other/official-artwork/98.png
99	99.webp	Kingler	Nintendo / Creatures Inc. / GAME FREAK inc.	PokeAPI	https://github.com/PokeAPI/sprites/blob/master/sprites/pokemon/other/official-artwork/99.png
100	100.webp	Voltorb	Nintendo / Creatures Inc. / GAME FREAK inc.	PokeAPI	https://github.com/PokeAPI/sprites/blob/master/sprites/pokemon/other/official-artwork/100.png
101	101.webp	Electrode	Nintendo / Creatures Inc. / GAME FREAK inc.	PokeAPI	https://github.com/PokeAPI/sprites/blob/master/sprites/pokemon/other/official-artwork/101.png
102	102.webp	Exeggcute	Nintendo / Creatures Inc. / GAME FREAK inc.	PokeAPI	https://github.com/PokeAPI/sprites/blob/master/sprites/pokemon/other/official-artwork/102.png
103	103.webp	Exeggutor	Nintendo / Creatures Inc. / GAME FREAK inc.	PokeAPI	https://github.com/PokeAPI/sprites/blob/master/sprites/pokemon/other/official-artwork/103.png
104	104.webp	Cubone	Nintendo / Creatures Inc. / GAME FREAK inc.	PokeAPI	https://github.com/PokeAPI/sprites/blob/master/sprites/pokemon/other/official-artwork/104.png
105	105.webp	Marowak	Nintendo / Creatures Inc. / GAME FREAK inc.	PokeAPI	https://github.com/PokeAPI/sprites/blob/master/sprites/pokemon/other/official-artwork/105.png
106	106.webp	Hitmonlee	Nintendo / Creatures Inc. / GAME FREAK inc.	PokeAPI	https://github.com/PokeAPI/sprites/blob/master/sprites/pokemon/other/official-artwork/106.png
107	107.webp	Hitmonchan	Nintendo / Creatures Inc. / GAME FREAK inc.	PokeAPI	https://github.com/PokeAPI/sprites/blob/master/sprites/pokemon/other/official-artwork/107.png
108	108.webp	Lickitung	Nintendo / Creatures Inc. / GAME FREAK inc.	PokeAPI	https://github.com/PokeAPI/sprites/blob/master/sprites/pokemon/other/official-artwork/108.png
109	109.webp	Koffing	Nintendo / Creatures Inc. / GAME FREAK inc.	PokeAPI	https://github.com/PokeAPI/sprites/blob/master/sprites/pokemon/other/official-artwork/109.png
110	110.webp	Weezing	Nintendo / Creatures Inc. / GAME FREAK inc.	PokeAPI	https://github.com/PokeAPI/sprites/blob/master/sprites/pokemon/other/official-artwork/110.png
111	111.webp	Rhyhorn	Nintendo / Creatures Inc. / GAME FREAK inc.	PokeAPI	https://github.com/PokeAPI/sprites/blob/master/sprites/pokemon/other/official-artwork/111.png
112	112.webp	Rhydon	Nintendo / Creatures Inc. / GAME FREAK inc.	PokeAPI	https://github.com/PokeAPI/sprites/blob/master/sprites/pokemon/other/official-artwork/112.png
113	113.webp	Chansey	Nintendo / Creatures Inc. / GAME FREAK inc.	PokeAPI	https://github.com/PokeAPI/sprites/blob/master/sprites/pokemon/other/official-artwork/113.png
114	114.webp	Tangela	Nintendo / Creatures Inc. / GAME FREAK inc.	PokeAPI	https://github.com/PokeAPI/sprites/blob/master/sprites/pokemon/other/official-artwork/114.png
115	115.webp	Kangaskhan	Nintendo / Creatures Inc. / GAME FREAK inc.	PokeAPI	https://github.com/PokeAPI/sprites/blob/master/sprites/pokemon/other/official-artwork/115.png
116	116.webp	Horsea	Nintendo / Creatures Inc. / GAME FREAK inc.	PokeAPI	https://github.com/PokeAPI/sprites/blob/master/sprites/pokemon/other/official-artwork/116.png
117	117.webp	Seadra	Nintendo / Creatures Inc. / GAME FREAK inc.	PokeAPI	https://github.com/PokeAPI/sprites/blob/master/sprites/pokemon/other/official-artwork/117.png
118	118.webp	Goldeen	Nintendo / Creatures Inc. / GAME FREAK inc.	PokeAPI	https://github.com/PokeAPI/sprites/blob/master/sprites/pokemon/other/official-artwork/118.png
119	119.webp	Seaking	Nintendo / Creatures Inc. / GAME FREAK inc.	PokeAPI	https://github.com/PokeAPI/sprites/blob/master/sprites/pokemon/other/official-artwork/119.png
120	120.webp	Staryu	Nintendo / Creatures Inc. / GAME FREAK inc.	PokeAPI	https://github.com/PokeAPI/sprites/blob/master/sprites/pokemon/other/official-artwork/120.png
121	121.webp	Starmie	Nintendo / Creatures Inc. / GAME FREAK inc.	PokeAPI	https://github.com/PokeAPI/sprites/blob/master/sprites/pokemon/other/official-artwork/121.png
122	122.webp	Mr. Mime	Nintendo / Creatures Inc. / GAME FREAK inc.	PokeAPI	https://github.com/PokeAPI/sprites/blob/master/sprites/pokemon/other/official-artwork/122.png
123	123.webp	Scyther	Nintendo / Creatures Inc. / GAME FREAK inc.	PokeAPI	https://github.com/PokeAPI/sprites/blob/master/sprites/pokemon/other/official-artwork/123.png
124	124.webp	Jynx	Nintendo / Creatures Inc. / GAME FREAK inc.	PokeAPI	https://github.com/PokeAPI/sprites/blob/master/sprites/pokemon/other/official-artwork/124.png
125	125.webp	Electabuzz	Nintendo / Creatures Inc. / GAME FREAK inc.	PokeAPI	https://github.com/PokeAPI/sprites/blob/master/sprites/pokemon/other/official-artwork/125.png
126	126.webp	Magmar	Nintendo / Creatures Inc. / GAME FREAK inc.	PokeAPI	https://github.com/PokeAPI/sprites/blob/master/sprites/pokemon/other/official-artwork/126.png
127	127.webp	Pinsir	Nintendo / Creatures Inc. / GAME FREAK inc.	PokeAPI	https://github.com/PokeAPI/sprites/blob/master/sprites/pokemon/other/official-artwork/127.png
128	128.webp	Tauros	Nintendo / Creatures Inc. / GAME FREAK inc.	PokeAPI	https://github.com/PokeAPI/sprites/blob/master/sprites/pokemon/other/official-artwork/128.png
129	129.webp	Magikarp	Nintendo / Creatures Inc. / GAME FREAK inc.	PokeAPI	https://github.com/PokeAPI/sprites/blob/master/sprites/pokemon/other/official-artwork/129.png
130	130.webp	Gyarados	Nintendo / Creatures Inc. / GAME FREAK inc.	PokeAPI	https://github.com/PokeAPI/sprites/blob/master/sprites/pokemon/other/official-artwork/130.png
131	131.webp	Lapras	Nintendo / Creatures Inc. / GAME FREAK inc.	PokeAPI	https://github.com/PokeAPI/sprites/blob/master/sprites/pokemon/other/official-artwork/131.png
132	132.webp	Ditto	Nintendo / Creatures Inc. / GAME FREAK inc.	PokeAPI	https://github.com/PokeAPI/sprites/blob/master/sprites/pokemon/other/official-artwork/132.png
133	133.webp	Eevee	Nintendo / Creatures Inc. / GAME FREAK inc.	PokeAPI	https://github.com/PokeAPI/sprites/blob/master/sprites/pokemon/other/official-artwork/133.png
134	134.webp	Vaporeon	Nintendo / Creatures Inc. / GAME FREAK inc.	PokeAPI	https://github.com/PokeAPI/sprites/blob/master/sprites/pokemon/other/official-artwork/134.png
135	135.webp	Jolteon	Nintendo / Creatures Inc. / GAME FREAK inc.	PokeAPI	https://github.com/PokeAPI/sprites/blob/master/sprites/pokemon/other/official-artwork/135.png
136	136.webp	Flareon	Nintendo / Creatures Inc. / GAME FREAK inc.	PokeAPI	https://github.com/PokeAPI/sprites/blob/master/sprites/pokemon/other/official-artwork/136.png
137	137.webp	Porygon	Nintendo / Creatures Inc. / GAME FREAK inc.	PokeAPI	https://github.com/PokeAPI/sprites/blob/master/sprites/pokemon/other/official-artwork/137.png
138	138.webp	Omanyte	Nintendo / Creatures Inc. / GAME FREAK inc.	PokeAPI	https://github.com/PokeAPI/sprites/blob/master/sprites/pokemon/other/official-artwork/138.png
139	139.webp	Omastar	Nintendo / Creatures Inc. / GAME FREAK inc.	PokeAPI	https://github.com/PokeAPI/sprites/blob/master/sprites/pokemon/other/official-artwork/139.png
140	140.webp	Kabuto	Nintendo / Creatures Inc. / GAME FREAK inc.	PokeAPI	https://github.com/PokeAPI/sprites/blob/master/sprites/pokemon/other/official-artwork/140.png
141	141.webp	Kabutops	Nintendo / Creatures Inc. / GAME FREAK inc.	PokeAPI	https://github.com/PokeAPI/sprites/blob/master/sprites/pokemon/other/official-artwork/141.png
142	142.webp	Aerodactyl	Nintendo / Creatures Inc. / GAME FREAK inc.	PokeAPI	https://github.com/PokeAPI/sprites/blob/master/sprites/pokemon/other/official-artwork/142.png
143	143.webp	Snorlax	Nintendo / Creatures Inc. / GAME FREAK inc.	PokeAPI	https://github.com/PokeAPI/sprites/blob/master/sprites/pokemon/other/official-artwork/143.png
144	144.webp	Articuno	Nintendo / Creatures Inc. / GAME FREAK inc.	PokeAPI	https://github.com/PokeAPI/sprites/blob/master/sprites/pokemon/other/official-artwork/144.png
145	145.webp	Zapdos	Nintendo / Creatures Inc. / GAME FREAK inc.	PokeAPI	https://github.com/PokeAPI/sprites/blob/master/sprites/pokemon/other/official-artwork/145.png
146	146.webp	Moltres	Nintendo / Creatures Inc. / GAME FREAK inc.	PokeAPI	https://github.com/PokeAPI/sprites/blob/master/sprites/pokemon/other/official-artwork/146.png
147	147.webp	Dratini	Nintendo / Creatures Inc. / GAME FREAK inc.	PokeAPI	https://github.com/PokeAPI/sprites/blob/master/sprites/pokemon/other/official-artwork/147.png
148	148.webp	Dragonair	Nintendo / Creatures Inc. / GAME FREAK inc.	PokeAPI	https://github.com/PokeAPI/sprites/blob/master/sprites/pokemon/other/official-artwork/148.png
149	149.webp	Dragonite	Nintendo / Creatures Inc. / GAME FREAK inc.	PokeAPI	https://github.com/PokeAPI/sprites/blob/master/sprites/pokemon/other/official-artwork/149.png
150	150.webp	Mewtwo	Nintendo / Creatures Inc. / GAME FREAK inc.	PokeAPI	https://github.com/PokeAPI/sprites/blob/master/sprites/pokemon/other/official-artwork/150.png
151	151.webp	Mew	Nintendo / Creatures Inc. / GAME FREAK inc.	PokeAPI	https://github.com/PokeAPI/sprites/blob/master/sprites/pokemon/other/official-artwork/151.png
152	152.webp	Chikorita	Nintendo / Creatures Inc. / GAME FREAK inc.	PokeAPI	https://github.com/PokeAPI/sprites/blob/master/sprites/pokemon/other/official-artwork/152.png
153	153.webp	Bayleef	Nintendo / Creatures Inc. / GAME FREAK inc.	PokeAPI	https://github.com/PokeAPI/sprites/blob/master/sprites/pokemon/other/official-artwork/153.png
154	154.webp	Meganium	Nintendo / Creatures Inc. / GAME FREAK inc.	PokeAPI	https://github.com/PokeAPI/sprites/blob/master/sprites/pokemon/other/official-artwork/154.png
155	155.webp	Cyndaquil	Nintendo / Creatures Inc. / GAME FREAK inc.	PokeAPI	https://github.com/PokeAPI/sprites/blob/master/sprites/pokemon/other/official-artwork/155.png
156	156.webp	Quilava	Nintendo / Creatures Inc. / GAME FREAK inc.	PokeAPI	https://github.com/PokeAPI/sprites/blob/master/sprites/pokemon/other/official-artwork/156.png
157	157.webp	Typhlosion	Nintendo / Creatures Inc. / GAME FREAK inc.	PokeAPI	https://github.com/PokeAPI/sprites/blob/master/sprites/pokemon/other/official-artwork/157.png
158	158.webp	Totodile	Nintendo / Creatures Inc. / GAME FREAK inc.	PokeAPI	https://github.com/PokeAPI/sprites/blob/master/sprites/pokemon/other/official-artwork/158.png
159	159.webp	Croconaw	Nintendo / Creatures Inc. / GAME FREAK inc.	PokeAPI	https://github.com/PokeAPI/sprites/blob/master/sprites/pokemon/other/official-artwork/159.png
160	160.webp	Feraligatr	Nintendo / Creatures Inc. / GAME FREAK inc.	PokeAPI	https://github.com/PokeAPI/sprites/blob/master/sprites/pokemon/other/official-artwork/160.png
161	161.webp	Sentret	Nintendo / Creatures Inc. / GAME FREAK inc.	PokeAPI	https://github.com/PokeAPI/sprites/blob/master/sprites/pokemon/other/official-artwork/161.png
162	162.webp	Furret	Nintendo / Creatures Inc. / GAME FREAK inc.	PokeAPI	https://github.com/PokeAPI/sprites/blob/master/sprites/pokemon/other/official-artwork/162.png
163	163.webp	Hoothoot	Nintendo / Creatures Inc. / GAME FREAK inc.	PokeAPI	https://github.com/PokeAPI/sprites/blob/master/sprites/pokemon/other/official-artwork/163.png
164	164.webp	Noctowl	Nintendo / Creatures Inc. / GAME FREAK inc.	PokeAPI	https://github.com/PokeAPI/sprites/blob/master/sprites/pokemon/other/official-artwork/164.png
165	165.webp	Ledyba	Nintendo / Creatures Inc. / GAME FREAK inc.	PokeAPI	https://github.com/PokeAPI/sprites/blob/master/sprites/pokemon/other/official-artwork/165.png
166	166.webp	Ledian	Nintendo / Creatures Inc. / GAME FREAK inc.	PokeAPI	https://github.com/PokeAPI/sprites/blob/master/sprites/pokemon/other/official-artwork/166.png
167	167.webp	Spinarak	Nintendo / Creatures Inc. / GAME FREAK inc.	PokeAPI	https://github.com/PokeAPI/sprites/blob/master/sprites/pokemon/other/official-artwork/167.png
168	168.webp	Ariados	Nintendo / Creatures Inc. / GAME FREAK inc.	PokeAPI	https://github.com/PokeAPI/sprites/blob/master/sprites/pokemon/other/official-artwork/168.png
169	169.webp	Crobat	Nintendo / Creatures Inc. / GAME FREAK inc.	PokeAPI	https://github.com/PokeAPI/sprites/blob/master/sprites/pokemon/other/official-artwork/169.png
170	170.webp	Chinchou	Nintendo / Creatures Inc. / GAME FREAK inc.	PokeAPI	https://github.com/PokeAPI/sprites/blob/master/sprites/pokemon/other/official-artwork/170.png
171	171.webp	Lanturn	Nintendo / Creatures Inc. / GAME FREAK inc.	PokeAPI	https://github.com/PokeAPI/sprites/blob/master/sprites/pokemon/other/official-artwork/171.png
172	172.webp	Pichu	Nintendo / Creatures Inc. / GAME FREAK inc.	PokeAPI	https://github.com/PokeAPI/sprites/blob/master/sprites/pokemon/other/official-artwork/172.png
173	173.webp	Cleffa	Nintendo / Creatures Inc. / GAME FREAK inc.	PokeAPI	https://github.com/PokeAPI/sprites/blob/master/sprites/pokemon/other/official-artwork/173.png
174	174.webp	Igglybuff	Nintendo / Creatures Inc. / GAME FREAK inc.	PokeAPI	https://github.com/PokeAPI/sprites/blob/master/sprites/pokemon/other/official-artwork/174.png
175	175.webp	Togepi	Nintendo / Creatures Inc. / GAME FREAK inc.	PokeAPI	https://github.com/PokeAPI/sprites/blob/master/sprites/pokemon/other/official-artwork/175.png
176	176.webp	Togetic	Nintendo / Creatures Inc. / GAME FREAK inc.	PokeAPI	https://github.com/PokeAPI/sprites/blob/master/sprites/pokemon/other/official-artwork/176.png
177	177.webp	Natu	Nintendo / Creatures Inc. / GAME FREAK inc.	PokeAPI	https://github.com/PokeAPI/sprites/blob/master/sprites/pokemon/other/official-artwork/177.png
178	178.webp	Xatu	Nintendo / Creatures Inc. / GAME FREAK inc.	PokeAPI	https://github.com/PokeAPI/sprites/blob/master/sprites/pokemon/other/official-artwork/178.png
179	179.webp	Mareep	Nintendo / Creatures Inc. / GAME FREAK inc.	PokeAPI	https://github.com/PokeAPI/sprites/blob/master/sprites/pokemon/other/official-artwork/179.png
180	180.webp	Flaaffy	Nintendo / Creatures Inc. / GAME FREAK inc.	PokeAPI	https://github.com/PokeAPI/sprites/blob/master/sprites/pokemon/other/official-artwork/180.png
181	181.webp	Ampharos	Nintendo / Creatures Inc. / GAME FREAK inc.	PokeAPI	https://github.com/PokeAPI/sprites/blob/master/sprites/pokemon/other/official-artwork/181.png
182	182.webp	Bellossom	Nintendo / Creatures Inc. / GAME FREAK inc.	PokeAPI	https://github.com/PokeAPI/sprites/blob/master/sprites/pokemon/other/official-artwork/182.png
183	183.webp	Marill	Nintendo / Creatures Inc. / GAME FREAK inc.	PokeAPI	https://github.com/PokeAPI/sprites/blob/master/sprites/pokemon/other/official-artwork/183.png
184	184.webp	Azumarill	Nintendo / Creatures Inc. / GAME FREAK inc.	PokeAPI	https://github.com/PokeAPI/sprites/blob/master/sprites/pokemon/other/official-artwork/184.png
185	185.webp	Sudowoodo	Nintendo / Creatures Inc. / GAME FREAK inc.	PokeAPI	https://github.com/PokeAPI/sprites/blob/master/sprites/pokemon/other/official-artwork/185.png
186	186.webp	Politoed	Nintendo / Creatures Inc. / GAME FREAK inc.	PokeAPI	https://github.com/PokeAPI/sprites/blob/master/sprites/pokemon/other/official-artwork/186.png
187	187.webp	Hoppip	Nintendo / Creatures Inc. / GAME FREAK inc.	PokeAPI	https://github.com/PokeAPI/sprites/blob/master/sprites/pokemon/other/official-artwork/187.png
188	188.webp	Skiploom	Nintendo / Creatures Inc. / GAME FREAK inc.	PokeAPI	https://github.com/PokeAPI/sprites/blob/master/sprites/pokemon/other/official-artwork/188.png
189	189.webp	Jumpluff	Nintendo / Creatures Inc. / GAME FREAK inc.	PokeAPI	https://github.com/PokeAPI/sprites/blob/master/sprites/pokemon/other/official-artwork/189.png
190	190.webp	Aipom	Nintendo / Creatures Inc. / GAME FREAK inc.	PokeAPI	https://github.com/PokeAPI/sprites/blob/master/sprites/pokemon/other/official-artwork/190.png
191	191.webp	Sunkern	Nintendo / Creatures Inc. / GAME FREAK inc.	PokeAPI	https://github.com/PokeAPI/sprites/blob/master/sprites/pokemon/other/official-artwork/191.png
192	192.webp	Sunflora	Nintendo / Creatures Inc. / GAME FREAK inc.	PokeAPI	https://github.com/PokeAPI/sprites/blob/master/sprites/pokemon/other/official-artwork/192.png
193	193.webp	Yanma	Nintendo / Creatures Inc. / GAME FREAK inc.	PokeAPI	https://github.com/PokeAPI/sprites/blob/master/sprites/pokemon/other/official-artwork/193.png
194	194.webp	Wooper	Nintendo / Creatures Inc. / GAME FREAK inc.	PokeAPI	https://github.com/PokeAPI/sprites/blob/master/sprites/pokemon/other/official-artwork/194.png
195	195.webp	Quagsire	Nintendo / Creatures Inc. / GAME FREAK inc.	PokeAPI	https://github.com/PokeAPI/sprites/blob/master/sprites/pokemon/other/official-artwork/195.png
196	196.webp	Espeon	Nintendo / Creatures Inc. / GAME FREAK inc.	PokeAPI	https://github.com/PokeAPI/sprites/blob/master/sprites/pokemon/other/official-artwork/196.png
197	197.webp	Umbreon	Nintendo / Creatures Inc. / GAME FREAK inc.	PokeAPI	https://github.com/PokeAPI/sprites/blob/master/sprites/pokemon/other/official-artwork/197.png
198	198.webp	Murkrow	Nintendo / Creatures Inc. / GAME FREAK inc.	PokeAPI	https://github.com/PokeAPI/sprites/blob/master/sprites/pokemon/other/official-artwork/198.png
199	199.webp	Slowking	Nintendo / Creatures Inc. / GAME FREAK inc.	PokeAPI	https://github.com/PokeAPI/sprites/blob/master/sprites/pokemon/other/official-artwork/199.png
200	200.webp	Misdreavus	Nintendo / Creatures Inc. / GAME FREAK inc.	PokeAPI	https://github.com/PokeAPI/sprites/blob/master/sprites/pokemon/other/official-artwork/200.png
201	201.webp	Unown	Nintendo / Creatures Inc. / GAME FREAK inc.	PokeAPI	https://github.com/PokeAPI/sprites/blob/master/sprites/pokemon/other/official-artwork/201.png
202	202.webp	Wobbuffet	Nintendo / Creatures Inc. / GAME FREAK inc.	PokeAPI	https://github.com/PokeAPI/sprites/blob/master/sprites/pokemon/other/official-artwork/202.png
203	203.webp	Girafarig	Nintendo / Creatures Inc. / GAME FREAK inc.	PokeAPI	https://github.com/PokeAPI/sprites/blob/master/sprites/pokemon/other/official-artwork/203.png
204	204.webp	Pineco	Nintendo / Creatures Inc. / GAME FREAK inc.	PokeAPI	https://github.com/PokeAPI/sprites/blob/master/sprites/pokemon/other/official-artwork/204.png
205	205.webp	Forretress	Nintendo / Creatures Inc. / GAME FREAK inc.	PokeAPI	https://github.com/PokeAPI/sprites/blob/master/sprites/pokemon/other/official-artwork/205.png
206	206.webp	Dunsparce	Nintendo / Creatures Inc. / GAME FREAK inc.	PokeAPI	https://github.com/PokeAPI/sprites/blob/master/sprites/pokemon/other/official-artwork/206.png
207	207.webp	Gligar	Nintendo / Creatures Inc. / GAME FREAK inc.	PokeAPI	https://github.com/PokeAPI/sprites/blob/master/sprites/pokemon/other/official-artwork/207.png
208	208.webp	Steelix	Nintendo / Creatures Inc. / GAME FREAK inc.	PokeAPI	https://github.com/PokeAPI/sprites/blob/master/sprites/pokemon/other/official-artwork/208.png
209	209.webp	Snubbull	Nintendo / Creatures Inc. / GAME FREAK inc.	PokeAPI	https://github.com/PokeAPI/sprites/blob/master/sprites/pokemon/other/official-artwork/209.png
210	210.webp	Granbull	Nintendo / Creatures Inc. / GAME FREAK inc.	PokeAPI	https://github.com/PokeAPI/sprites/blob/master/sprites/pokemon/other/official-artwork/210.png
211	211.webp	Qwilfish	Nintendo / Creatures Inc. / GAME FREAK inc.	PokeAPI	https://github.com/PokeAPI/sprites/blob/master/sprites/pokemon/other/official-artwork/211.png
212	212.webp	Scizor	Nintendo / Creatures Inc. / GAME FREAK inc.	PokeAPI	https://github.com/PokeAPI/sprites/blob/master/sprites/pokemon/other/official-artwork/212.png
213	213.webp	Shuckle	Nintendo / Creatures Inc. / GAME FREAK inc.	PokeAPI	https://github.com/PokeAPI/sprites/blob/master/sprites/pokemon/other/official-artwork/213.png
214	214.webp	Heracross	Nintendo / Creatures Inc. / GAME FREAK inc.	PokeAPI	https://github.com/PokeAPI/sprites/blob/master/sprites/pokemon/other/official-artwork/214.png
215	215.webp	Sneasel	Nintendo / Creatures Inc. / GAME FREAK inc.	PokeAPI	https://github.com/PokeAPI/sprites/blob/master/sprites/pokemon/other/official-artwork/215.png
216	216.webp	Teddiursa	Nintendo / Creatures Inc. / GAME FREAK inc.	PokeAPI	https://github.com/PokeAPI/sprites/blob/master/sprites/pokemon/other/official-artwork/216.png
217	217.webp	Ursaring	Nintendo / Creatures Inc. / GAME FREAK inc.	PokeAPI	https://github.com/PokeAPI/sprites/blob/master/sprites/pokemon/other/official-artwork/217.png
218	218.webp	Slugma	Nintendo / Creatures Inc. / GAME FREAK inc.	PokeAPI	https://github.com/PokeAPI/sprites/blob/master/sprites/pokemon/other/official-artwork/218.png
219	219.webp	Magcargo	Nintendo / Creatures Inc. / GAME FREAK inc.	PokeAPI	https://github.com/PokeAPI/sprites/blob/master/sprites/pokemon/other/official-artwork/219.png
220	220.webp	Swinub	Nintendo / Creatures Inc. / GAME FREAK inc.	PokeAPI	https://github.com/PokeAPI/sprites/blob/master/sprites/pokemon/other/official-artwork/220.png
221	221.webp	Piloswine	Nintendo / Creatures Inc. / GAME FREAK inc.	PokeAPI	https://github.com/PokeAPI/sprites/blob/master/sprites/pokemon/other/official-artwork/221.png
222	222.webp	Corsola	Nintendo / Creatures Inc. / GAME FREAK inc.	PokeAPI	https://github.com/PokeAPI/sprites/blob/master/sprites/pokemon/other/official-artwork/222.png
223	223.webp	Remoraid	Nintendo / Creatures Inc. / GAME FREAK inc.	PokeAPI	https://github.com/PokeAPI/sprites/blob/master/sprites/pokemon/other/official-artwork/223.png
224	224.webp	Octillery	Nintendo / Creatures Inc. / GAME FREAK inc.	PokeAPI	https://github.com/PokeAPI/sprites/blob/master/sprites/pokemon/other/official-artwork/224.png
225	225.webp	Delibird	Nintendo / Creatures Inc. / GAME FREAK inc.	PokeAPI	https://github.com/PokeAPI/sprites/blob/master/sprites/pokemon/other/official-artwork/225.png
226	226.webp	Mantine	Nintendo / Creatures Inc. / GAME FREAK inc.	PokeAPI	https://github.com/PokeAPI/sprites/blob/master/sprites/pokemon/other/official-artwork/226.png
227	227.webp	Skarmory	Nintendo / Creatures Inc. / GAME FREAK inc.	PokeAPI	https://github.com/PokeAPI/sprites/blob/master/sprites/pokemon/other/official-artwork/227.png
228	228.webp	Houndour	Nintendo / Creatures Inc. / GAME FREAK inc.	PokeAPI	https://github.com/PokeAPI/sprites/blob/master/sprites/pokemon/other/official-artwork/228.png
229	229.webp	Houndoom	Nintendo / Creatures Inc. / GAME FREAK inc.	PokeAPI	https://github.com/PokeAPI/sprites/blob/master/sprites/pokemon/other/official-artwork/229.png
230	230.webp	Kingdra	Nintendo / Creatures Inc. / GAME FREAK inc.	PokeAPI	https://github.com/PokeAPI/sprites/blob/master/sprites/pokemon/other/official-artwork/230.png
231	231.webp	Phanpy	Nintendo / Creatures Inc. / GAME FREAK inc.	PokeAPI	https://github.com/PokeAPI/sprites/blob/master/sprites/pokemon/other/official-artwork/231.png
232	232.webp	Donphan	Nintendo / Creatures Inc. / GAME FREAK inc.	PokeAPI	https://github.com/PokeAPI/sprites/blob/master/sprites/pokemon/other/official-artwork/232.png
233	233.webp	Porygon2	Nintendo / Creatures Inc. / GAME FREAK inc.	PokeAPI	https://github.com/PokeAPI/sprites/blob/master/sprites/pokemon/other/official-artwork/233.png
234	234.webp	Stantler	Nintendo / Creatures Inc. / GAME FREAK inc.	PokeAPI	https://github.com/PokeAPI/sprites/blob/master/sprites/pokemon/other/official-artwork/234.png
235	235.webp	Smeargle	Nintendo / Creatures Inc. / GAME FREAK inc.	PokeAPI	https://github.com/PokeAPI/sprites/blob/master/sprites/pokemon/other/official-artwork/235.png
236	236.webp	Tyrogue	Nintendo / Creatures Inc. / GAME FREAK inc.	PokeAPI	https://github.com/PokeAPI/sprites/blob/master/sprites/pokemon/other/official-artwork/236.png
237	237.webp	Hitmontop	Nintendo / Creatures Inc. / GAME FREAK inc.	PokeAPI	https://github.com/PokeAPI/sprites/blob/master/sprites/pokemon/other/official-artwork/237.png
238	238.webp	Smoochum	Nintendo / Creatures Inc. / GAME FREAK inc.	PokeAPI	https://github.com/PokeAPI/sprites/blob/master/sprites/pokemon/other/official-artwork/238.png
239	239.webp	Elekid	Nintendo / Creatures Inc. / GAME FREAK inc.	PokeAPI	https://github.com/PokeAPI/sprites/blob/master/sprites/pokemon/other/official-artwork/239.png
240	240.webp	Magby	Nintendo / Creatures Inc. / GAME FREAK inc.	PokeAPI	https://github.com/PokeAPI/sprites/blob/master/sprites/pokemon/other/official-artwork/240.png
241	241.webp	Miltank	Nintendo / Creatures Inc. / GAME FREAK inc.	PokeAPI	https://github.com/PokeAPI/sprites/blob/master/sprites/pokemon/other/official-artwork/241.png
242	242.webp	Blissey	Nintendo / Creatures Inc. / GAME FREAK inc.	PokeAPI	https://github.com/PokeAPI/sprites/blob/master/sprites/pokemon/other/official-artwork/242.png
243	243.webp	Raikou	Nintendo / Creatures Inc. / GAME FREAK inc.	PokeAPI	https://github.com/PokeAPI/sprites/blob/master/sprites/pokemon/other/official-artwork/243.png
244	244.webp	Entei	Nintendo / Creatures Inc. / GAME FREAK inc.	PokeAPI	https://github.com/PokeAPI/sprites/blob/master/sprites/pokemon/other/official-artwork/244.png
245	245.webp	Suicune	Nintendo / Creatures Inc. / GAME FREAK inc.	PokeAPI	https://github.com/PokeAPI/sprites/blob/master/sprites/pokemon/other/official-artwork/245.png
246	246.webp	Larvitar	Nintendo / Creatures Inc. / GAME FREAK inc.	PokeAPI	https://github.com/PokeAPI/sprites/blob/master/sprites/pokemon/other/official-artwork/246.png
247	247.webp	Pupitar	Nintendo / Creatures Inc. / GAME FREAK inc.	PokeAPI	https://github.com/PokeAPI/sprites/blob/master/sprites/pokemon/other/official-artwork/247.png
248	248.webp	Tyranitar	Nintendo / Creatures Inc. / GAME FREAK inc.	PokeAPI	https://github.com/PokeAPI/sprites/blob/master/sprites/pokemon/other/official-artwork/248.png
249	249.webp	Lugia	Nintendo / Creatures Inc. / GAME FREAK inc.	PokeAPI	https://github.com/PokeAPI/sprites/blob/master/sprites/pokemon/other/official-artwork/249.png
250	250.webp	Ho-Oh	Nintendo / Creatures Inc. / GAME FREAK inc.	PokeAPI	https://github.com/PokeAPI/sprites/blob/master/sprites/pokemon/other/official-artwork/250.png
251	251.webp	Celebi	Nintendo / Creatures Inc. / GAME FREAK inc.	PokeAPI	https://github.com/PokeAPI/sprites/blob/master/sprites/pokemon/other/official-artwork/251.png
252	252.webp	Treecko	Nintendo / Creatures Inc. / GAME FREAK inc.	PokeAPI	https://github.com/PokeAPI/sprites/blob/master/sprites/pokemon/other/official-artwork/252.png
253	253.webp	Grovyle	Nintendo / Creatures Inc. / GAME FREAK inc.	PokeAPI	https://github.com/PokeAPI/sprites/blob/master/sprites/pokemon/other/official-artwork/253.png
254	254.webp	Sceptile	Nintendo / Creatures Inc. / GAME FREAK inc.	PokeAPI	https://github.com/PokeAPI/sprites/blob/master/sprites/pokemon/other/official-artwork/254.png
255	255.webp	Torchic	Nintendo / Creatures Inc. / GAME FREAK inc.	PokeAPI	https://github.com/PokeAPI/sprites/blob/master/sprites/pokemon/other/official-artwork/255.png
256	256.webp	Combusken	Nintendo / Creatures Inc. / GAME FREAK inc.	PokeAPI	https://github.com/PokeAPI/sprites/blob/master/sprites/pokemon/other/official-artwork/256.png
257	257.webp	Blaziken	Nintendo / Creatures Inc. / GAME FREAK inc.	PokeAPI	https://github.com/PokeAPI/sprites/blob/master/sprites/pokemon/other/official-artwork/257.png
258	258.webp	Mudkip	Nintendo / Creatures Inc. / GAME FREAK inc.	PokeAPI	https://github.com/PokeAPI/sprites/blob/master/sprites/pokemon/other/official-artwork/258.png
259	259.webp	Marshtomp	Nintendo / Creatures Inc. / GAME FREAK inc.	PokeAPI	https://github.com/PokeAPI/sprites/blob/master/sprites/pokemon/other/official-artwork/259.png
260	260.webp	Swampert	Nintendo / Creatures Inc. / GAME FREAK inc.	PokeAPI	https://github.com/PokeAPI/sprites/blob/master/sprites/pokemon/other/official-artwork/260.png
261	261.webp	Poochyena	Nintendo / Creatures Inc. / GAME FREAK inc.	PokeAPI	https://github.com/PokeAPI/sprites/blob/master/sprites/pokemon/other/official-artwork/261.png
262	262.webp	Mightyena	Nintendo / Creatures Inc. / GAME FREAK inc.	PokeAPI	https://github.com/PokeAPI/sprites/blob/master/sprites/pokemon/other/official-artwork/262.png
263	263.webp	Zigzagoon	Nintendo / Creatures Inc. / GAME FREAK inc.	PokeAPI	https://github.com/PokeAPI/sprites/blob/master/sprites/pokemon/other/official-artwork/263.png
264	264.webp	Linoone	Nintendo / Creatures Inc. / GAME FREAK inc.	PokeAPI	https://github.com/PokeAPI/sprites/blob/master/sprites/pokemon/other/official-artwork/264.png
265	265.webp	Wurmple	Nintendo / Creatures Inc. / GAME FREAK inc.	PokeAPI	https://github.com/PokeAPI/sprites/blob/master/sprites/pokemon/other/official-artwork/265.png
266	266.webp	Silcoon	Nintendo / Creatures Inc. / GAME FREAK inc.	PokeAPI	https://github.com/PokeAPI/sprites/blob/master/sprites/pokemon/other/official-artwork/266.png
267	267.webp	Beautifly	Nintendo / Creatures Inc. / GAME FREAK inc.	PokeAPI	https://github.com/PokeAPI/sprites/blob/master/sprites/pokemon/other/official-artwork/267.png
268	268.webp	Cascoon	Nintendo / Creatures Inc. / GAME FREAK inc.	PokeAPI	https://github.com/PokeAPI/sprites/blob/master/sprites/pokemon/other/official-artwork/268.png
269	269.webp	Dustox	Nintendo / Creatures Inc. / GAME FREAK inc.	PokeAPI	https://github.com/PokeAPI/sprites/blob/master/sprites/pokemon/other/official-artwork/269.png
270	270.webp	Lotad	Nintendo / Creatures Inc. / GAME FREAK inc.	PokeAPI	https://github.com/PokeAPI/sprites/blob/master/sprites/pokemon/other/official-artwork/270.png
271	271.webp	Lombre	Nintendo / Creatures Inc. / GAME FREAK inc.	PokeAPI	https://github.com/PokeAPI/sprites/blob/master/sprites/pokemon/other/official-artwork/271.png
272	272.webp	Ludicolo	Nintendo / Creatures Inc. / GAME FREAK inc.	PokeAPI	https://github.com/PokeAPI/sprites/blob/master/sprites/pokemon/other/official-artwork/272.png
273	273.webp	Seedot	Nintendo / Creatures Inc. / GAME FREAK inc.	PokeAPI	https://github.com/PokeAPI/sprites/blob/master/sprites/pokemon/other/official-artwork/273.png
274	274.webp	Nuzleaf	Nintendo / Creatures Inc. / GAME FREAK inc.	PokeAPI	https://github.com/PokeAPI/sprites/blob/master/sprites/pokemon/other/official-artwork/274.png
275	275.webp	Shiftry	Nintendo / Creatures Inc. / GAME FREAK inc.	PokeAPI	https://github.com/PokeAPI/sprites/blob/master/sprites/pokemon/other/official-artwork/275.png
276	276.webp	Taillow	Nintendo / Creatures Inc. / GAME FREAK inc.	PokeAPI	https://github.com/PokeAPI/sprites/blob/master/sprites/pokemon/other/official-artwork/276.png
277	277.webp	Swellow	Nintendo / Creatures Inc. / GAME FREAK inc.	PokeAPI	https://github.com/PokeAPI/sprites/blob/master/sprites/pokemon/other/official-artwork/277.png
278	278.webp	Wingull	Nintendo / Creatures Inc. / GAME FREAK inc.	PokeAPI	https://github.com/PokeAPI/sprites/blob/master/sprites/pokemon/other/official-artwork/278.png
279	279.webp	Pelipper	Nintendo / Creatures Inc. / GAME FREAK inc.	PokeAPI	https://github.com/PokeAPI/sprites/blob/master/sprites/pokemon/other/official-artwork/279.png
280	280.webp	Ralts	Nintendo / Creatures Inc. / GAME FREAK inc.	PokeAPI	https://github.com/PokeAPI/sprites/blob/master/sprites/pokemon/other/official-artwork/280.png
281	281.webp	Kirlia	Nintendo / Creatures Inc. / GAME FREAK inc.	PokeAPI	https://github.com/PokeAPI/sprites/blob/master/sprites/pokemon/other/official-artwork/281.png
282	282.webp	Gardevoir	Nintendo / Creatures Inc. / GAME FREAK inc.	PokeAPI	https://github.com/PokeAPI/sprites/blob/master/sprites/pokemon/other/official-artwork/282.png
283	283.webp	Surskit	Nintendo / Creatures Inc. / GAME FREAK inc.	PokeAPI	https://github.com/PokeAPI/sprites/blob/master/sprites/pokemon/other/official-artwork/283.png
284	284.webp	Masquerain	Nintendo / Creatures Inc. / GAME FREAK inc.	PokeAPI	https://github.com/PokeAPI/sprites/blob/master/sprites/pokemon/other/official-artwork/284.png
285	285.webp	Shroomish	Nintendo / Creatures Inc. / GAME FREAK inc.	PokeAPI	https://github.com/PokeAPI/sprites/blob/master/sprites/pokemon/other/official-artwork/285.png
286	286.webp	Breloom	Nintendo / Creatures Inc. / GAME FREAK inc.	PokeAPI	https://github.com/PokeAPI/sprites/blob/master/sprites/pokemon/other/official-artwork/286.png
287	287.webp	Slakoth	Nintendo / Creatures Inc. / GAME FREAK inc.	PokeAPI	https://github.com/PokeAPI/sprites/blob/master/sprites/pokemon/other/official-artwork/287.png
288	288.webp	Vigoroth	Nintendo / Creatures Inc. / GAME FREAK inc.	PokeAPI	https://github.com/PokeAPI/sprites/blob/master/sprites/pokemon/other/official-artwork/288.png
289	289.webp	Slaking	Nintendo / Creatures Inc. / GAME FREAK inc.	PokeAPI	https://github.com/PokeAPI/sprites/blob/master/sprites/pokemon/other/official-artwork/289.png
290	290.webp	Nincada	Nintendo / Creatures Inc. / GAME FREAK inc.	PokeAPI	https://github.com/PokeAPI/sprites/blob/master/sprites/pokemon/other/official-artwork/290.png
291	291.webp	Ninjask	Nintendo / Creatures Inc. / GAME FREAK inc.	PokeAPI	https://github.com/PokeAPI/sprites/blob/master/sprites/pokemon/other/official-artwork/291.png
292	292.webp	Shedinja	Nintendo / Creatures Inc. / GAME FREAK inc.	PokeAPI	https://github.com/PokeAPI/sprites/blob/master/sprites/pokemon/other/official-artwork/292.png
293	293.webp	Whismur	Nintendo / Creatures Inc. / GAME FREAK inc.	PokeAPI	https://github.com/PokeAPI/sprites/blob/master/sprites/pokemon/other/official-artwork/293.png
294	294.webp	Loudred	Nintendo / Creatures Inc. / GAME FREAK inc.	PokeAPI	https://github.com/PokeAPI/sprites/blob/master/sprites/pokemon/other/official-artwork/294.png
295	295.webp	Exploud	Nintendo / Creatures Inc. / GAME FREAK inc.	PokeAPI	https://github.com/PokeAPI/sprites/blob/master/sprites/pokemon/other/official-artwork/295.png
296	296.webp	Makuhita	Nintendo / Creatures Inc. / GAME FREAK inc.	PokeAPI	https://github.com/PokeAPI/sprites/blob/master/sprites/pokemon/other/official-artwork/296.png
297	297.webp	Hariyama	Nintendo / Creatures Inc. / GAME FREAK inc.	PokeAPI	https://github.com/PokeAPI/sprites/blob/master/sprites/pokemon/other/official-artwork/297.png
298	298.webp	Azurill	Nintendo / Creatures Inc. / GAME FREAK inc.	PokeAPI	https://github.com/PokeAPI/sprites/blob/master/sprites/pokemon/other/official-artwork/298.png
299	299.webp	Nosepass	Nintendo / Creatures Inc. / GAME FREAK inc.	PokeAPI	https://github.com/PokeAPI/sprites/blob/master/sprites/pokemon/other/official-artwork/299.png
300	300.webp	Skitty	Nintendo / Creatures Inc. / GAME FREAK inc.	PokeAPI	https://github.com/PokeAPI/sprites/blob/master/sprites/pokemon/other/official-artwork/300.png
301	301.webp	Delcatty	Nintendo / Creatures Inc. / GAME FREAK inc.	PokeAPI	https://github.com/PokeAPI/sprites/blob/master/sprites/pokemon/other/official-artwork/301.png
302	302.webp	Sableye	Nintendo / Creatures Inc. / GAME FREAK inc.	PokeAPI	https://github.com/PokeAPI/sprites/blob/master/sprites/pokemon/other/official-artwork/302.png
303	303.webp	Mawile	Nintendo / Creatures Inc. / GAME FREAK inc.	PokeAPI	https://github.com/PokeAPI/sprites/blob/master/sprites/pokemon/other/official-artwork/303.png
304	304.webp	Aron	Nintendo / Creatures Inc. / GAME FREAK inc.	PokeAPI	https://github.com/PokeAPI/sprites/blob/master/sprites/pokemon/other/official-artwork/304.png
305	305.webp	Lairon	Nintendo / Creatures Inc. / GAME FREAK inc.	PokeAPI	https://github.com/PokeAPI/sprites/blob/master/sprites/pokemon/other/official-artwork/305.png
306	306.webp	Aggron	Nintendo / Creatures Inc. / GAME FREAK inc.	PokeAPI	https://github.com/PokeAPI/sprites/blob/master/sprites/pokemon/other/official-artwork/306.png
307	307.webp	Meditite	Nintendo / Creatures Inc. / GAME FREAK inc.	PokeAPI	https://github.com/PokeAPI/sprites/blob/master/sprites/pokemon/other/official-artwork/307.png
308	308.webp	Medicham	Nintendo / Creatures Inc. / GAME FREAK inc.	PokeAPI	https://github.com/PokeAPI/sprites/blob/master/sprites/pokemon/other/official-artwork/308.png
309	309.webp	Electrike	Nintendo / Creatures Inc. / GAME FREAK inc.	PokeAPI	https://github.com/PokeAPI/sprites/blob/master/sprites/pokemon/other/official-artwork/309.png
310	310.webp	Manectric	Nintendo / Creatures Inc. / GAME FREAK inc.	PokeAPI	https://github.com/PokeAPI/sprites/blob/master/sprites/pokemon/other/official-artwork/310.png
311	311.webp	Plusle	Nintendo / Creatures Inc. / GAME FREAK inc.	PokeAPI	https://github.com/PokeAPI/sprites/blob/master/sprites/pokemon/other/official-artwork/311.png
312	312.webp	Minun	Nintendo / Creatures Inc. / GAME FREAK inc.	PokeAPI	https://github.com/PokeAPI/sprites/blob/master/sprites/pokemon/other/official-artwork/312.png
313	313.webp	Volbeat	Nintendo / Creatures Inc. / GAME FREAK inc.	PokeAPI	https://github.com/PokeAPI/sprites/blob/master/sprites/pokemon/other/official-artwork/313.png
314	314.webp	Illumise	Nintendo / Creatures Inc. / GAME FREAK inc.	PokeAPI	https://github.com/PokeAPI/sprites/blob/master/sprites/pokemon/other/official-artwork/314.png
315	315.webp	Roselia	Nintendo / Creatures Inc. / GAME FREAK inc.	PokeAPI	https://github.com/PokeAPI/sprites/blob/master/sprites/pokemon/other/official-artwork/315.png
316	316.webp	Gulpin	Nintendo / Creatures Inc. / GAME FREAK inc.	PokeAPI	https://github.com/PokeAPI/sprites/blob/master/sprites/pokemon/other/official-artwork/316.png
317	317.webp	Swalot	Nintendo / Creatures Inc. / GAME FREAK inc.	PokeAPI	https://github.com/PokeAPI/sprites/blob/master/sprites/pokemon/other/official-artwork/317.png
318	318.webp	Carvanha	Nintendo / Creatures Inc. / GAME FREAK inc.	PokeAPI	https://github.com/PokeAPI/sprites/blob/master/sprites/pokemon/other/official-artwork/318.png
319	319.webp	Sharpedo	Nintendo / Creatures Inc. / GAME FREAK inc.	PokeAPI	https://github.com/PokeAPI/sprites/blob/master/sprites/pokemon/other/official-artwork/319.png
320	320.webp	Wailmer	Nintendo / Creatures Inc. / GAME FREAK inc.	PokeAPI	https://github.com/PokeAPI/sprites/blob/master/sprites/pokemon/other/official-artwork/320.png
321	321.webp	Wailord	Nintendo / Creatures Inc. / GAME FREAK inc.	PokeAPI	https://github.com/PokeAPI/sprites/blob/master/sprites/pokemon/other/official-artwork/321.png
322	322.webp	Numel	Nintendo / Creatures Inc. / GAME FREAK inc.	PokeAPI	https://github.com/PokeAPI/sprites/blob/master/sprites/pokemon/other/official-artwork/322.png
323	323.webp	Camerupt	Nintendo / Creatures Inc. / GAME FREAK inc.	PokeAPI	https://github.com/PokeAPI/sprites/blob/master/sprites/pokemon/other/official-artwork/323.png
324	324.webp	Torkoal	Nintendo / Creatures Inc. / GAME FREAK inc.	PokeAPI	https://github.com/PokeAPI/sprites/blob/master/sprites/pokemon/other/official-artwork/324.png
325	325.webp	Spoink	Nintendo / Creatures Inc. / GAME FREAK inc.	PokeAPI	https://github.com/PokeAPI/sprites/blob/master/sprites/pokemon/other/official-artwork/325.png
326	326.webp	Grumpig	Nintendo / Creatures Inc. / GAME FREAK inc.	PokeAPI	https://github.com/PokeAPI/sprites/blob/master/sprites/pokemon/other/official-artwork/326.png
327	327.webp	Spinda	Nintendo / Creatures Inc. / GAME FREAK inc.	PokeAPI	https://github.com/PokeAPI/sprites/blob/master/sprites/pokemon/other/official-artwork/327.png
328	328.webp	Trapinch	Nintendo / Creatures Inc. / GAME FREAK inc.	PokeAPI	https://github.com/PokeAPI/sprites/blob/master/sprites/pokemon/other/official-artwork/328.png
329	329.webp	Vibrava	Nintendo / Creatures Inc. / GAME FREAK inc.	PokeAPI	https://github.com/PokeAPI/sprites/blob/master/sprites/pokemon/other/official-artwork/329.png
330	330.webp	Flygon	Nintendo / Creatures Inc. / GAME FREAK inc.	PokeAPI	https://github.com/PokeAPI/sprites/blob/master/sprites/pokemon/other/official-artwork/330.png
331	331.webp	Cacnea	Nintendo / Creatures Inc. / GAME FREAK inc.	PokeAPI	https://github.com/PokeAPI/sprites/blob/master/sprites/pokemon/other/official-artwork/331.png
332	332.webp	Cacturne	Nintendo / Creatures Inc. / GAME FREAK inc.	PokeAPI	https://github.com/PokeAPI/sprites/blob/master/sprites/pokemon/other/official-artwork/332.png
333	333.webp	Swablu	Nintendo / Creatures Inc. / GAME FREAK inc.	PokeAPI	https://github.com/PokeAPI/sprites/blob/master/sprites/pokemon/other/official-artwork/333.png
334	334.webp	Altaria	Nintendo / Creatures Inc. / GAME FREAK inc.	PokeAPI	https://github.com/PokeAPI/sprites/blob/master/sprites/pokemon/other/official-artwork/334.png
335	335.webp	Zangoose	Nintendo / Creatures Inc. / GAME FREAK inc.	PokeAPI	https://github.com/PokeAPI/sprites/blob/master/sprites/pokemon/other/official-artwork/335.png
336	336.webp	Seviper	Nintendo / Creatures Inc. / GAME FREAK inc.	PokeAPI	https://github.com/PokeAPI/sprites/blob/master/sprites/pokemon/other/official-artwork/336.png
337	337.webp	Lunatone	Nintendo / Creatures Inc. / GAME FREAK inc.	PokeAPI	https://github.com/PokeAPI/sprites/blob/master/sprites/pokemon/other/official-artwork/337.png
338	338.webp	Solrock	Nintendo / Creatures Inc. / GAME FREAK inc.	PokeAPI	https://github.com/PokeAPI/sprites/blob/master/sprites/pokemon/other/official-artwork/338.png
339	339.webp	Barboach	Nintendo / Creatures Inc. / GAME FREAK inc.	PokeAPI	https://github.com/PokeAPI/sprites/blob/master/sprites/pokemon/other/official-artwork/339.png
340	340.webp	Whiscash	Nintendo / Creatures Inc. / GAME FREAK inc.	PokeAPI	https://github.com/PokeAPI/sprites/blob/master/sprites/pokemon/other/official-artwork/340.png
341	341.webp	Corphish	Nintendo / Creatures Inc. / GAME FREAK inc.	PokeAPI	https://github.com/PokeAPI/sprites/blob/master/sprites/pokemon/other/official-artwork/341.png
342	342.webp	Crawdaunt	Nintendo / Creatures Inc. / GAME FREAK inc.	PokeAPI	https://github.com/PokeAPI/sprites/blob/master/sprites/pokemon/other/official-artwork/342.png
343	343.webp	Baltoy	Nintendo / Creatures Inc. / GAME FREAK inc.	PokeAPI	https://github.com/PokeAPI/sprites/blob/master/sprites/pokemon/other/official-artwork/343.png
344	344.webp	Claydol	Nintendo / Creatures Inc. / GAME FREAK inc.	PokeAPI	https://github.com/PokeAPI/sprites/blob/master/sprites/pokemon/other/official-artwork/344.png
345	345.webp	Lileep	Nintendo / Creatures Inc. / GAME FREAK inc.	PokeAPI	https://github.com/PokeAPI/sprites/blob/master/sprites/pokemon/other/official-artwork/345.png
346	346.webp	Cradily	Nintendo / Creatures Inc. / GAME FREAK inc.	PokeAPI	https://github.com/PokeAPI/sprites/blob/master/sprites/pokemon/other/official-artwork/346.png
347	347.webp	Anorith	Nintendo / Creatures Inc. / GAME FREAK inc.	PokeAPI	https://github.com/PokeAPI/sprites/blob/master/sprites/pokemon/other/official-artwork/347.png
348	348.webp	Armaldo	Nintendo / Creatures Inc. / GAME FREAK inc.	PokeAPI	https://github.com/PokeAPI/sprites/blob/master/sprites/pokemon/other/official-artwork/348.png
349	349.webp	Feebas	Nintendo / Creatures Inc. / GAME FREAK inc.	PokeAPI	https://github.com/PokeAPI/sprites/blob/master/sprites/pokemon/other/official-artwork/349.png
350	350.webp	Milotic	Nintendo / Creatures Inc. / GAME FREAK inc.	PokeAPI	https://github.com/PokeAPI/sprites/blob/master/sprites/pokemon/other/official-artwork/350.png
351	351.webp	Castform	Nintendo / Creatures Inc. / GAME FREAK inc.	PokeAPI	https://github.com/PokeAPI/sprites/blob/master/sprites/pokemon/other/official-artwork/351.png
352	352.webp	Kecleon	Nintendo / Creatures Inc. / GAME FREAK inc.	PokeAPI	https://github.com/PokeAPI/sprites/blob/master/sprites/pokemon/other/official-artwork/352.png
353	353.webp	Shuppet	Nintendo / Creatures Inc. / GAME FREAK inc.	PokeAPI	https://github.com/PokeAPI/sprites/blob/master/sprites/pokemon/other/official-artwork/353.png
354	354.webp	Banette	Nintendo / Creatures Inc. / GAME FREAK inc.	PokeAPI	https://github.com/PokeAPI/sprites/blob/master/sprites/pokemon/other/official-artwork/354.png
355	355.webp	Duskull	Nintendo / Creatures Inc. / GAME FREAK inc.	PokeAPI	https://github.com/PokeAPI/sprites/blob/master/sprites/pokemon/other/official-artwork/355.png
356	356.webp	Dusclops	Nintendo / Creatures Inc. / GAME FREAK inc.	PokeAPI	https://github.com/PokeAPI/sprites/blob/master/sprites/pokemon/other/official-artwork/356.png
357	357.webp	Tropius	Nintendo / Creatures Inc. / GAME FREAK inc.	PokeAPI	https://github.com/PokeAPI/sprites/blob/master/sprites/pokemon/other/official-artwork/357.png
358	358.webp	Chimecho	Nintendo / Creatures Inc. / GAME FREAK inc.	PokeAPI	https://github.com/PokeAPI/sprites/blob/master/sprites/pokemon/other/official-artwork/358.png
359	359.webp	Absol	Nintendo / Creatures Inc. / GAME FREAK inc.	PokeAPI	https://github.com/PokeAPI/sprites/blob/master/sprites/pokemon/other/official-artwork/359.png
360	360.webp	Wynaut	Nintendo / Creatures Inc. / GAME FREAK inc.	PokeAPI	https://github.com/PokeAPI/sprites/blob/master/sprites/pokemon/other/official-artwork/360.png
361	361.webp	Snorunt	Nintendo / Creatures Inc. / GAME FREAK inc.	PokeAPI	https://github.com/PokeAPI/sprites/blob/master/sprites/pokemon/other/official-artwork/361.png
362	362.webp	Glalie	Nintendo / Creatures Inc. / GAME FREAK inc.	PokeAPI	https://github.com/PokeAPI/sprites/blob/master/sprites/pokemon/other/official-artwork/362.png
363	363.webp	Spheal	Nintendo / Creatures Inc. / GAME FREAK inc.	PokeAPI	https://github.com/PokeAPI/sprites/blob/master/sprites/pokemon/other/official-artwork/363.png
364	364.webp	Sealeo	Nintendo / Creatures Inc. / GAME FREAK inc.	PokeAPI	https://github.com/PokeAPI/sprites/blob/master/sprites/pokemon/other/official-artwork/364.png
365	365.webp	Walrein	Nintendo / Creatures Inc. / GAME FREAK inc.	PokeAPI	https://github.com/PokeAPI/sprites/blob/master/sprites/pokemon/other/official-artwork/365.png
366	366.webp	Clamperl	Nintendo / Creatures Inc. / GAME FREAK inc.	PokeAPI	https://github.com/PokeAPI/sprites/blob/master/sprites/pokemon/other/official-artwork/366.png
367	367.webp	Huntail	Nintendo / Creatures Inc. / GAME FREAK inc.	PokeAPI	https://github.com/PokeAPI/sprites/blob/master/sprites/pokemon/other/official-artwork/367.png
368	368.webp	Gorebyss	Nintendo / Creatures Inc. / GAME FREAK inc.	PokeAPI	https://github.com/PokeAPI/sprites/blob/master/sprites/pokemon/other/official-artwork/368.png
369	369.webp	Relicanth	Nintendo / Creatures Inc. / GAME FREAK inc.	PokeAPI	https://github.com/PokeAPI/sprites/blob/master/sprites/pokemon/other/official-artwork/369.png
370	370.webp	Luvdisc	Nintendo / Creatures Inc. / GAME FREAK inc.	PokeAPI	https://github.com/PokeAPI/sprites/blob/master/sprites/pokemon/other/official-artwork/370.png
371	371.webp	Bagon	Nintendo / Creatures Inc. / GAME FREAK inc.	PokeAPI	https://github.com/PokeAPI/sprites/blob/master/sprites/pokemon/other/official-artwork/371.png
372	372.webp	Shelgon	Nintendo / Creatures Inc. / GAME FREAK inc.	PokeAPI	https://github.com/PokeAPI/sprites/blob/master/sprites/pokemon/other/official-artwork/372.png
373	373.webp	Salamence	Nintendo / Creatures Inc. / GAME FREAK inc.	PokeAPI	https://github.com/PokeAPI/sprites/blob/master/sprites/pokemon/other/official-artwork/373.png
374	374.webp	Beldum	Nintendo / Creatures Inc. / GAME FREAK inc.	PokeAPI	https://github.com/PokeAPI/sprites/blob/master/sprites/pokemon/other/official-artwork/374.png
375	375.webp	Metang	Nintendo / Creatures Inc. / GAME FREAK inc.	PokeAPI	https://github.com/PokeAPI/sprites/blob/master/sprites/pokemon/other/official-artwork/375.png
376	376.webp	Metagross	Nintendo / Creatures Inc. / GAME FREAK inc.	PokeAPI	https://github.com/PokeAPI/sprites/blob/master/sprites/pokemon/other/official-artwork/376.png
377	377.webp	Regirock	Nintendo / Creatures Inc. / GAME FREAK inc.	PokeAPI	https://github.com/PokeAPI/sprites/blob/master/sprites/pokemon/other/official-artwork/377.png
378	378.webp	Regice	Nintendo / Creatures Inc. / GAME FREAK inc.	PokeAPI	https://github.com/PokeAPI/sprites/blob/master/sprites/pokemon/other/official-artwork/378.png
379	379.webp	Registeel	Nintendo / Creatures Inc. / GAME FREAK inc.	PokeAPI	https://github.com/PokeAPI/sprites/blob/master/sprites/pokemon/other/official-artwork/379.png
380	380.webp	Latias	Nintendo / Creatures Inc. / GAME FREAK inc.	PokeAPI	https://github.com/PokeAPI/sprites/blob/master/sprites/pokemon/other/official-artwork/380.png
381	381.webp	Latios	Nintendo / Creatures Inc. / GAME FREAK inc.	PokeAPI	https://github.com/PokeAPI/sprites/blob/master/sprites/pokemon/other/official-artwork/381.png
382	382.webp	Kyogre	Nintendo / Creatures Inc. / GAME FREAK inc.	PokeAPI	https://github.com/PokeAPI/sprites/blob/master/sprites/pokemon/other/official-artwork/382.png
383	383.webp	Groudon	Nintendo / Creatures Inc. / GAME FREAK inc.	PokeAPI	https://github.com/PokeAPI/sprites/blob/master/sprites/pokemon/other/official-artwork/383.png
384	384.webp	Rayquaza	Nintendo / Creatures Inc. / GAME FREAK inc.	PokeAPI	https://github.com/PokeAPI/sprites/blob/master/sprites/pokemon/other/official-artwork/384.png
385	385.webp	Jirachi	Nintendo / Creatures Inc. / GAME FREAK inc.	PokeAPI	https://github.com/PokeAPI/sprites/blob/master/sprites/pokemon/other/official-artwork/385.png
386	386.webp	Deoxys	Nintendo / Creatures Inc. / GAME FREAK inc.	PokeAPI	https://github.com/PokeAPI/sprites/blob/master/sprites/pokemon/other/official-artwork/386.png
387	387.webp	Turtwig	Nintendo / Creatures Inc. / GAME FREAK inc.	PokeAPI	https://github.com/PokeAPI/sprites/blob/master/sprites/pokemon/other/official-artwork/387.png
388	388.webp	Grotle	Nintendo / Creatures Inc. / GAME FREAK inc.	PokeAPI	https://github.com/PokeAPI/sprites/blob/master/sprites/pokemon/other/official-artwork/388.png
389	389.webp	Torterra	Nintendo / Creatures Inc. / GAME FREAK inc.	PokeAPI	https://github.com/PokeAPI/sprites/blob/master/sprites/pokemon/other/official-artwork/389.png
390	390.webp	Chimchar	Nintendo / Creatures Inc. / GAME FREAK inc.	PokeAPI	https://github.com/PokeAPI/sprites/blob/master/sprites/pokemon/other/official-artwork/390.png
391	391.webp	Monferno	Nintendo / Creatures Inc. / GAME FREAK inc.	PokeAPI	https://github.com/PokeAPI/sprites/blob/master/sprites/pokemon/other/official-artwork/391.png
392	392.webp	Infernape	Nintendo / Creatures Inc. / GAME FREAK inc.	PokeAPI	https://github.com/PokeAPI/sprites/blob/master/sprites/pokemon/other/official-artwork/392.png
393	393.webp	Piplup	Nintendo / Creatures Inc. / GAME FREAK inc.	PokeAPI	https://github.com/PokeAPI/sprites/blob/master/sprites/pokemon/other/official-artwork/393.png
394	394.webp	Prinplup	Nintendo / Creatures Inc. / GAME FREAK inc.	PokeAPI	https://github.com/PokeAPI/sprites/blob/master/sprites/pokemon/other/official-artwork/394.png
395	395.webp	Empoleon	Nintendo / Creatures Inc. / GAME FREAK inc.	PokeAPI	https://github.com/PokeAPI/sprites/blob/master/sprites/pokemon/other/official-artwork/395.png
396	396.webp	Starly	Nintendo / Creatures Inc. / GAME FREAK inc.	PokeAPI	https://github.com/PokeAPI/sprites/blob/master/sprites/pokemon/other/official-artwork/396.png
397	397.webp	Staravia	Nintendo / Creatures Inc. / GAME FREAK inc.	PokeAPI	https://github.com/PokeAPI/sprites/blob/master/sprites/pokemon/other/official-artwork/397.png
398	398.webp	Staraptor	Nintendo / Creatures Inc. / GAME FREAK inc.	PokeAPI	https://github.com/PokeAPI/sprites/blob/master/sprites/pokemon/other/official-artwork/398.png
399	399.webp	Bidoof	Nintendo / Creatures Inc. / GAME FREAK inc.	PokeAPI	https://github.com/PokeAPI/sprites/blob/master/sprites/pokemon/other/official-artwork/399.png
400	400.webp	Bibarel	Nintendo / Creatures Inc. / GAME FREAK inc.	PokeAPI	https://github.com/PokeAPI/sprites/blob/master/sprites/pokemon/other/official-artwork/400.png
401	401.webp	Kricketot	Nintendo / Creatures Inc. / GAME FREAK inc.	PokeAPI	https://github.com/PokeAPI/sprites/blob/master/sprites/pokemon/other/official-artwork/401.png
402	402.webp	Kricketune	Nintendo / Creatures Inc. / GAME FREAK inc.	PokeAPI	https://github.com/PokeAPI/sprites/blob/master/sprites/pokemon/other/official-artwork/402.png
403	403.webp	Shinx	Nintendo / Creatures Inc. / GAME FREAK inc.	PokeAPI	https://github.com/PokeAPI/sprites/blob/master/sprites/pokemon/other/official-artwork/403.png
404	404.webp	Luxio	Nintendo / Creatures Inc. / GAME FREAK inc.	PokeAPI	https://github.com/PokeAPI/sprites/blob/master/sprites/pokemon/other/official-artwork/404.png
405	405.webp	Luxray	Nintendo / Creatures Inc. / GAME FREAK inc.	PokeAPI	https://github.com/PokeAPI/sprites/blob/master/sprites/pokemon/other/official-artwork/405.png
406	406.webp	Budew	Nintendo / Creatures Inc. / GAME FREAK inc.	PokeAPI	https://github.com/PokeAPI/sprites/blob/master/sprites/pokemon/other/official-artwork/406.png
407	407.webp	Roserade	Nintendo / Creatures Inc. / GAME FREAK inc.	PokeAPI	https://github.com/PokeAPI/sprites/blob/master/sprites/pokemon/other/official-artwork/407.png
408	408.webp	Cranidos	Nintendo / Creatures Inc. / GAME FREAK inc.	PokeAPI	https://github.com/PokeAPI/sprites/blob/master/sprites/pokemon/other/official-artwork/408.png
409	409.webp	Rampardos	Nintendo / Creatures Inc. / GAME FREAK inc.	PokeAPI	https://github.com/PokeAPI/sprites/blob/master/sprites/pokemon/other/official-artwork/409.png
410	410.webp	Shieldon	Nintendo / Creatures Inc. / GAME FREAK inc.	PokeAPI	https://github.com/PokeAPI/sprites/blob/master/sprites/pokemon/other/official-artwork/410.png
411	411.webp	Bastiodon	Nintendo / Creatures Inc. / GAME FREAK inc.	PokeAPI	https://github.com/PokeAPI/sprites/blob/master/sprites/pokemon/other/official-artwork/411.png
412	412.webp	Burmy	Nintendo / Creatures Inc. / GAME FREAK inc.	PokeAPI	https://github.com/PokeAPI/sprites/blob/master/sprites/pokemon/other/official-artwork/412.png
413	413.webp	Wormadam	Nintendo / Creatures Inc. / GAME FREAK inc.	PokeAPI	https://github.com/PokeAPI/sprites/blob/master/sprites/pokemon/other/official-artwork/413.png
414	414.webp	Mothim	Nintendo / Creatures Inc. / GAME FREAK inc.	PokeAPI	https://github.com/PokeAPI/sprites/blob/master/sprites/pokemon/other/official-artwork/414.png
415	415.webp	Combee	Nintendo / Creatures Inc. / GAME FREAK inc.	PokeAPI	https://github.com/PokeAPI/sprites/blob/master/sprites/pokemon/other/official-artwork/415.png
416	416.webp	Vespiquen	Nintendo / Creatures Inc. / GAME FREAK inc.	PokeAPI	https://github.com/PokeAPI/sprites/blob/master/sprites/pokemon/other/official-artwork/416.png
417	417.webp	Pachirisu	Nintendo / Creatures Inc. / GAME FREAK inc.	PokeAPI	https://github.com/PokeAPI/sprites/blob/master/sprites/pokemon/other/official-artwork/417.png
418	418.webp	Buizel	Nintendo / Creatures Inc. / GAME FREAK inc.	PokeAPI	https://github.com/PokeAPI/sprites/blob/master/sprites/pokemon/other/official-artwork/418.png
419	419.webp	Floatzel	Nintendo / Creatures Inc. / GAME FREAK inc.	PokeAPI	https://github.com/PokeAPI/sprites/blob/master/sprites/pokemon/other/official-artwork/419.png
420	420.webp	Cherubi	Nintendo / Creatures Inc. / GAME FREAK inc.	PokeAPI	https://github.com/PokeAPI/sprites/blob/master/sprites/pokemon/other/official-artwork/420.png
421	421.webp	Cherrim	Nintendo / Creatures Inc. / GAME FREAK inc.	PokeAPI	https://github.com/PokeAPI/sprites/blob/master/sprites/pokemon/other/official-artwork/421.png
422	422.webp	Shellos	Nintendo / Creatures Inc. / GAME FREAK inc.	PokeAPI	https://github.com/PokeAPI/sprites/blob/master/sprites/pokemon/other/official-artwork/422.png
423	423.webp	Gastrodon	Nintendo / Creatures Inc. / GAME FREAK inc.	PokeAPI	https://github.com/PokeAPI/sprites/blob/master/sprites/pokemon/other/official-artwork/423.png
424	424.webp	Ambipom	Nintendo / Creatures Inc. / GAME FREAK inc.	PokeAPI	https://github.com/PokeAPI/sprites/blob/master/sprites/pokemon/other/official-artwork/424.png
425	425.webp	Drifloon	Nintendo / Creatures Inc. / GAME FREAK inc.	PokeAPI	https://github.com/PokeAPI/sprites/blob/master/sprites/pokemon/other/official-artwork/425.png
426	426.webp	Drifblim	Nintendo / Creatures Inc. / GAME FREAK inc.	PokeAPI	https://github.com/PokeAPI/sprites/blob/master/sprites/pokemon/other/official-artwork/426.png
427	427.webp	Buneary	Nintendo / Creatures Inc. / GAME FREAK inc.	PokeAPI	https://github.com/PokeAPI/sprites/blob/master/sprites/pokemon/other/official-artwork/427.png
428	428.webp	Lopunny	Nintendo / Creatures Inc. / GAME FREAK inc.	PokeAPI	https://github.com/PokeAPI/sprites/blob/master/sprites/pokemon/other/official-artwork/428.png
429	429.webp	Mismagius	Nintendo / Creatures Inc. / GAME FREAK inc.	PokeAPI	https://github.com/PokeAPI/sprites/blob/master/sprites/pokemon/other/official-artwork/429.png
430	430.webp	Honchkrow	Nintendo / Creatures Inc. / GAME FREAK inc.	PokeAPI	https://github.com/PokeAPI/sprites/blob/master/sprites/pokemon/other/official-artwork/430.png
431	431.webp	Glameow	Nintendo / Creatures Inc. / GAME FREAK inc.	PokeAPI	https://github.com/PokeAPI/sprites/blob/master/sprites/pokemon/other/official-artwork/431.png
432	432.webp	Purugly	Nintendo / Creatures Inc. / GAME FREAK inc.	PokeAPI	https://github.com/PokeAPI/sprites/blob/master/sprites/pokemon/other/official-artwork/432.png
433	433.webp	Chingling	Nintendo / Creatures Inc. / GAME FREAK inc.	PokeAPI	https://github.com/PokeAPI/sprites/blob/master/sprites/pokemon/other/official-artwork/433.png
434	434.webp	Stunky	Nintendo / Creatures Inc. / GAME FREAK inc.	PokeAPI	https://github.com/PokeAPI/sprites/blob/master/sprites/pokemon/other/official-artwork/434.png
435	435.webp	Skuntank	Nintendo / Creatures Inc. / GAME FREAK inc.	PokeAPI	https://github.com/PokeAPI/sprites/blob/master/sprites/pokemon/other/official-artwork/435.png
436	436.webp	Bronzor	Nintendo / Creatures Inc. / GAME FREAK inc.	PokeAPI	https://github.com/PokeAPI/sprites/blob/master/sprites/pokemon/other/official-artwork/436.png
437	437.webp	Bronzong	Nintendo / Creatures Inc. / GAME FREAK inc.	PokeAPI	https://github.com/PokeAPI/sprites/blob/master/sprites/pokemon/other/official-artwork/437.png
438	438.webp	Bonsly	Nintendo / Creatures Inc. / GAME FREAK inc.	PokeAPI	https://github.com/PokeAPI/sprites/blob/master/sprites/pokemon/other/official-artwork/438.png
439	439.webp	Mime Jr.	Nintendo / Creatures Inc. / GAME FREAK inc.	PokeAPI	https://github.com/PokeAPI/sprites/blob/master/sprites/pokemon/other/official-artwork/439.png
440	440.webp	Happiny	Nintendo / Creatures Inc. / GAME FREAK inc.	PokeAPI	https://github.com/PokeAPI/sprites/blob/master/sprites/pokemon/other/official-artwork/440.png
441	441.webp	Chatot	Nintendo / Creatures Inc. / GAME FREAK inc.	PokeAPI	https://github.com/PokeAPI/sprites/blob/master/sprites/pokemon/other/official-artwork/441.png
442	442.webp	Spiritomb	Nintendo / Creatures Inc. / GAME FREAK inc.	PokeAPI	https://github.com/PokeAPI/sprites/blob/master/sprites/pokemon/other/official-artwork/442.png
443	443.webp	Gible	Nintendo / Creatures Inc. / GAME FREAK inc.	PokeAPI	https://github.com/PokeAPI/sprites/blob/master/sprites/pokemon/other/official-artwork/443.png
444	444.webp	Gabite	Nintendo / Creatures Inc. / GAME FREAK inc.	PokeAPI	https://github.com/PokeAPI/sprites/blob/master/sprites/pokemon/other/official-artwork/444.png
445	445.webp	Garchomp	Nintendo / Creatures Inc. / GAME FREAK inc.	PokeAPI	https://github.com/PokeAPI/sprites/blob/master/sprites/pokemon/other/official-artwork/445.png
446	446.webp	Munchlax	Nintendo / Creatures Inc. / GAME FREAK inc.	PokeAPI	https://github.com/PokeAPI/sprites/blob/master/sprites/pokemon/other/official-artwork/446.png
447	447.webp	Riolu	Nintendo / Creatures Inc. / GAME FREAK inc.	PokeAPI	https://github.com/PokeAPI/sprites/blob/master/sprites/pokemon/other/official-artwork/447.png
448	448.webp	Lucario	Nintendo / Creatures Inc. / GAME FREAK inc.	PokeAPI	https://github.com/PokeAPI/sprites/blob/master/sprites/pokemon/other/official-artwork/448.png
449	449.webp	Hippopotas	Nintendo / Creatures Inc. / GAME FREAK inc.	PokeAPI	https://github.com/PokeAPI/sprites/blob/master/sprites/pokemon/other/official-artwork/449.png
450	450.webp	Hippowdon	Nintendo / Creatures Inc. / GAME FREAK inc.	PokeAPI	https://github.com/PokeAPI/sprites/blob/master/sprites/pokemon/other/official-artwork/450.png
451	451.webp	Skorupi	Nintendo / Creatures Inc. / GAME FREAK inc.	PokeAPI	https://github.com/PokeAPI/sprites/blob/master/sprites/pokemon/other/official-artwork/451.png
452	452.webp	Drapion	Nintendo / Creatures Inc. / GAME FREAK inc.	PokeAPI	https://github.com/PokeAPI/sprites/blob/master/sprites/pokemon/other/official-artwork/452.png
453	453.webp	Croagunk	Nintendo / Creatures Inc. / GAME FREAK inc.	PokeAPI	https://github.com/PokeAPI/sprites/blob/master/sprites/pokemon/other/official-artwork/453.png
454	454.webp	Toxicroak	Nintendo / Creatures Inc. / GAME FREAK inc.	PokeAPI	https://github.com/PokeAPI/sprites/blob/master/sprites/pokemon/other/official-artwork/454.png
455	455.webp	Carnivine	Nintendo / Creatures Inc. / GAME FREAK inc.	PokeAPI	https://github.com/PokeAPI/sprites/blob/master/sprites/pokemon/other/official-artwork/455.png
456	456.webp	Finneon	Nintendo / Creatures Inc. / GAME FREAK inc.	PokeAPI	https://github.com/PokeAPI/sprites/blob/master/sprites/pokemon/other/official-artwork/456.png
457	457.webp	Lumineon	Nintendo / Creatures Inc. / GAME FREAK inc.	PokeAPI	https://github.com/PokeAPI/sprites/blob/master/sprites/pokemon/other/official-artwork/457.png
458	458.webp	Mantyke	Nintendo / Creatures Inc. / GAME FREAK inc.	PokeAPI	https://github.com/PokeAPI/sprites/blob/master/sprites/pokemon/other/official-artwork/458.png
459	459.webp	Snover	Nintendo / Creatures Inc. / GAME FREAK inc.	PokeAPI	https://github.com/PokeAPI/sprites/blob/master/sprites/pokemon/other/official-artwork/459.png
460	460.webp	Abomasnow	Nintendo / Creatures Inc. / GAME FREAK inc.	PokeAPI	https://github.com/PokeAPI/sprites/blob/master/sprites/pokemon/other/official-artwork/460.png
461	461.webp	Weavile	Nintendo / Creatures Inc. / GAME FREAK inc.	PokeAPI	https://github.com/PokeAPI/sprites/blob/master/sprites/pokemon/other/official-artwork/461.png
462	462.webp	Magnezone	Nintendo / Creatures Inc. / GAME FREAK inc.	PokeAPI	https://github.com/PokeAPI/sprites/blob/master/sprites/pokemon/other/official-artwork/462.png
463	463.webp	Lickilicky	Nintendo / Creatures Inc. / GAME FREAK inc.	PokeAPI	https://github.com/PokeAPI/sprites/blob/master/sprites/pokemon/other/official-artwork/463.png
464	464.webp	Rhyperior	Nintendo / Creatures Inc. / GAME FREAK inc.	PokeAPI	https://github.com/PokeAPI/sprites/blob/master/sprites/pokemon/other/official-artwork/464.png
465	465.webp	Tangrowth	Nintendo / Creatures Inc. / GAME FREAK inc.	PokeAPI	https://github.com/PokeAPI/sprites/blob/master/sprites/pokemon/other/official-artwork/465.png
466	466.webp	Electivire	Nintendo / Creatures Inc. / GAME FREAK inc.	PokeAPI	https://github.com/PokeAPI/sprites/blob/master/sprites/pokemon/other/official-artwork/466.png
467	467.webp	Magmortar	Nintendo / Creatures Inc. / GAME FREAK inc.	PokeAPI	https://github.com/PokeAPI/sprites/blob/master/sprites/pokemon/other/official-artwork/467.png
468	468.webp	Togekiss	Nintendo / Creatures Inc. / GAME FREAK inc.	PokeAPI	https://github.com/PokeAPI/sprites/blob/master/sprites/pokemon/other/official-artwork/468.png
469	469.webp	Yanmega	Nintendo / Creatures Inc. / GAME FREAK inc.	PokeAPI	https://github.com/PokeAPI/sprites/blob/master/sprites/pokemon/other/official-artwork/469.png
470	470.webp	Leafeon	Nintendo / Creatures Inc. / GAME FREAK inc.	PokeAPI	https://github.com/PokeAPI/sprites/blob/master/sprites/pokemon/other/official-artwork/470.png
471	471.webp	Glaceon	Nintendo / Creatures Inc. / GAME FREAK inc.	PokeAPI	https://github.com/PokeAPI/sprites/blob/master/sprites/pokemon/other/official-artwork/471.png
472	472.webp	Gliscor	Nintendo / Creatures Inc. / GAME FREAK inc.	PokeAPI	https://github.com/PokeAPI/sprites/blob/master/sprites/pokemon/other/official-artwork/472.png
473	473.webp	Mamoswine	Nintendo / Creatures Inc. / GAME FREAK inc.	PokeAPI	https://github.com/PokeAPI/sprites/blob/master/sprites/pokemon/other/official-artwork/473.png
474	474.webp	Porygon-Z	Nintendo / Creatures Inc. / GAME FREAK inc.	PokeAPI	https://github.com/PokeAPI/sprites/blob/master/sprites/pokemon/other/official-artwork/474.png
475	475.webp	Gallade	Nintendo / Creatures Inc. / GAME FREAK inc.	PokeAPI	https://github.com/PokeAPI/sprites/blob/master/sprites/pokemon/other/official-artwork/475.png
476	476.webp	Probopass	Nintendo / Creatures Inc. / GAME FREAK inc.	PokeAPI	https://github.com/PokeAPI/sprites/blob/master/sprites/pokemon/other/official-artwork/476.png
477	477.webp	Dusknoir	Nintendo / Creatures Inc. / GAME FREAK inc.	PokeAPI	https://github.com/PokeAPI/sprites/blob/master/sprites/pokemon/other/official-artwork/477.png
478	478.webp	Froslass	Nintendo / Creatures Inc. / GAME FREAK inc.	PokeAPI	https://github.com/PokeAPI/sprites/blob/master/sprites/pokemon/other/official-artwork/478.png
479	479.webp	Rotom	Nintendo / Creatures Inc. / GAME FREAK inc.	PokeAPI	https://github.com/PokeAPI/sprites/blob/master/sprites/pokemon/other/official-artwork/479.png
480	480.webp	Uxie	Nintendo / Creatures Inc. / GAME FREAK inc.	PokeAPI	https://github.com/PokeAPI/sprites/blob/master/sprites/pokemon/other/official-artwork/480.png
481	481.webp	Mesprit	Nintendo / Creatures Inc. / GAME FREAK inc.	PokeAPI	https://github.com/PokeAPI/sprites/blob/master/sprites/pokemon/other/official-artwork/481.png
482	482.webp	Azelf	Nintendo / Creatures Inc. / GAME FREAK inc.	PokeAPI	https://github.com/PokeAPI/sprites/blob/master/sprites/pokemon/other/official-artwork/482.png
483	483.webp	Dialga	Nintendo / Creatures Inc. / GAME FREAK inc.	PokeAPI	https://github.com/PokeAPI/sprites/blob/master/sprites/pokemon/other/official-artwork/483.png
484	484.webp	Palkia	Nintendo / Creatures Inc. / GAME FREAK inc.	PokeAPI	https://github.com/PokeAPI/sprites/blob/master/sprites/pokemon/other/official-artwork/484.png
485	485.webp	Heatran	Nintendo / Creatures Inc. / GAME FREAK inc.	PokeAPI	https://github.com/PokeAPI/sprites/blob/master/sprites/pokemon/other/official-artwork/485.png
486	486.webp	Regigigas	Nintendo / Creatures Inc. / GAME FREAK inc.	PokeAPI	https://github.com/PokeAPI/sprites/blob/master/sprites/pokemon/other/official-artwork/486.png
487	487.webp	Giratina	Nintendo / Creatures Inc. / GAME FREAK inc.	PokeAPI	https://github.com/PokeAPI/sprites/blob/master/sprites/pokemon/other/official-artwork/487.png
488	488.webp	Cresselia	Nintendo / Creatures Inc. / GAME FREAK inc.	PokeAPI	https://github.com/PokeAPI/sprites/blob/master/sprites/pokemon/other/official-artwork/488.png
489	489.webp	Phione	Nintendo / Creatures Inc. / GAME FREAK inc.	PokeAPI	https://github.com/PokeAPI/sprites/blob/master/sprites/pokemon/other/official-artwork/489.png
490	490.webp	Manaphy	Nintendo / Creatures Inc. / GAME FREAK inc.	PokeAPI	https://github.com/PokeAPI/sprites/blob/master/sprites/pokemon/other/official-artwork/490.png
491	491.webp	Darkrai	Nintendo / Creatures Inc. / GAME FREAK inc.	PokeAPI	https://github.com/PokeAPI/sprites/blob/master/sprites/pokemon/other/official-artwork/491.png
492	492.webp	Shaymin	Nintendo / Creatures Inc. / GAME FREAK inc.	PokeAPI	https://github.com/PokeAPI/sprites/blob/master/sprites/pokemon/other/official-artwork/492.png
493	493.webp	Arceus	Nintendo / Creatures Inc. / GAME FREAK inc.	PokeAPI	https://github.com/PokeAPI/sprites/blob/master/sprites/pokemon/other/official-artwork/493.png
494	494.webp	Victini	Nintendo / Creatures Inc. / GAME FREAK inc.	PokeAPI	https://github.com/PokeAPI/sprites/blob/master/sprites/pokemon/other/official-artwork/494.png
495	495.webp	Snivy	Nintendo / Creatures Inc. / GAME FREAK inc.	PokeAPI	https://github.com/PokeAPI/sprites/blob/master/sprites/pokemon/other/official-artwork/495.png
496	496.webp	Servine	Nintendo / Creatures Inc. / GAME FREAK inc.	PokeAPI	https://github.com/PokeAPI/sprites/blob/master/sprites/pokemon/other/official-artwork/496.png
497	497.webp	Serperior	Nintendo / Creatures Inc. / GAME FREAK inc.	PokeAPI	https://github.com/PokeAPI/sprites/blob/master/sprites/pokemon/other/official-artwork/497.png
498	498.webp	Tepig	Nintendo / Creatures Inc. / GAME FREAK inc.	PokeAPI	https://github.com/PokeAPI/sprites/blob/master/sprites/pokemon/other/official-artwork/498.png
499	499.webp	Pignite	Nintendo / Creatures Inc. / GAME FREAK inc.	PokeAPI	https://github.com/PokeAPI/sprites/blob/master/sprites/pokemon/other/official-artwork/499.png
500	500.webp	Emboar	Nintendo / Creatures Inc. / GAME FREAK inc.	PokeAPI	https://github.com/PokeAPI/sprites/blob/master/sprites/pokemon/other/official-artwork/500.png
501	501.webp	Oshawott	Nintendo / Creatures Inc. / GAME FREAK inc.	PokeAPI	https://github.com/PokeAPI/sprites/blob/master/sprites/pokemon/other/official-artwork/501.png
502	502.webp	Dewott	Nintendo / Creatures Inc. / GAME FREAK inc.	PokeAPI	https://github.com/PokeAPI/sprites/blob/master/sprites/pokemon/other/official-artwork/502.png
503	503.webp	Samurott	Nintendo / Creatures Inc. / GAME FREAK inc.	PokeAPI	https://github.com/PokeAPI/sprites/blob/master/sprites/pokemon/other/official-artwork/503.png
504	504.webp	Patrat	Nintendo / Creatures Inc. / GAME FREAK inc.	PokeAPI	https://github.com/PokeAPI/sprites/blob/master/sprites/pokemon/other/official-artwork/504.png
505	505.webp	Watchog	Nintendo / Creatures Inc. / GAME FREAK inc.	PokeAPI	https://github.com/PokeAPI/sprites/blob/master/sprites/pokemon/other/official-artwork/505.png
506	506.webp	Lillipup	Nintendo / Creatures Inc. / GAME FREAK inc.	PokeAPI	https://github.com/PokeAPI/sprites/blob/master/sprites/pokemon/other/official-artwork/506.png
507	507.webp	Herdier	Nintendo / Creatures Inc. / GAME FREAK inc.	PokeAPI	https://github.com/PokeAPI/sprites/blob/master/sprites/pokemon/other/official-artwork/507.png
508	508.webp	Stoutland	Nintendo / Creatures Inc. / GAME FREAK inc.	PokeAPI	https://github.com/PokeAPI/sprites/blob/master/sprites/pokemon/other/official-artwork/508.png
509	509.webp	Purrloin	Nintendo / Creatures Inc. / GAME FREAK inc.	PokeAPI	https://github.com/PokeAPI/sprites/blob/master/sprites/pokemon/other/official-artwork/509.png
510	510.webp	Liepard	Nintendo / Creatures Inc. / GAME FREAK inc.	PokeAPI	https://github.com/PokeAPI/sprites/blob/master/sprites/pokemon/other/official-artwork/510.png
511	511.webp	Pansage	Nintendo / Creatures Inc. / GAME FREAK inc.	PokeAPI	https://github.com/PokeAPI/sprites/blob/master/sprites/pokemon/other/official-artwork/511.png
512	512.webp	Simisage	Nintendo / Creatures Inc. / GAME FREAK inc.	PokeAPI	https://github.com/PokeAPI/sprites/blob/master/sprites/pokemon/other/official-artwork/512.png
513	513.webp	Pansear	Nintendo / Creatures Inc. / GAME FREAK inc.	PokeAPI	https://github.com/PokeAPI/sprites/blob/master/sprites/pokemon/other/official-artwork/513.png
514	514.webp	Simisear	Nintendo / Creatures Inc. / GAME FREAK inc.	PokeAPI	https://github.com/PokeAPI/sprites/blob/master/sprites/pokemon/other/official-artwork/514.png
515	515.webp	Panpour	Nintendo / Creatures Inc. / GAME FREAK inc.	PokeAPI	https://github.com/PokeAPI/sprites/blob/master/sprites/pokemon/other/official-artwork/515.png
516	516.webp	Simipour	Nintendo / Creatures Inc. / GAME FREAK inc.	PokeAPI	https://github.com/PokeAPI/sprites/blob/master/sprites/pokemon/other/official-artwork/516.png
517	517.webp	Munna	Nintendo / Creatures Inc. / GAME FREAK inc.	PokeAPI	https://github.com/PokeAPI/sprites/blob/master/sprites/pokemon/other/official-artwork/517.png
518	518.webp	Musharna	Nintendo / Creatures Inc. / GAME FREAK inc.	PokeAPI	https://github.com/PokeAPI/sprites/blob/master/sprites/pokemon/other/official-artwork/518.png
519	519.webp	Pidove	Nintendo / Creatures Inc. / GAME FREAK inc.	PokeAPI	https://github.com/PokeAPI/sprites/blob/master/sprites/pokemon/other/official-artwork/519.png
520	520.webp	Tranquill	Nintendo / Creatures Inc. / GAME FREAK inc.	PokeAPI	https://github.com/PokeAPI/sprites/blob/master/sprites/pokemon/other/official-artwork/520.png
521	521.webp	Unfezant	Nintendo / Creatures Inc. / GAME FREAK inc.	PokeAPI	https://github.com/PokeAPI/sprites/blob/master/sprites/pokemon/other/official-artwork/521.png
522	522.webp	Blitzle	Nintendo / Creatures Inc. / GAME FREAK inc.	PokeAPI	https://github.com/PokeAPI/sprites/blob/master/sprites/pokemon/other/official-artwork/522.png
523	523.webp	Zebstrika	Nintendo / Creatures Inc. / GAME FREAK inc.	PokeAPI	https://github.com/PokeAPI/sprites/blob/master/sprites/pokemon/other/official-artwork/523.png
524	524.webp	Roggenrola	Nintendo / Creatures Inc. / GAME FREAK inc.	PokeAPI	https://github.com/PokeAPI/sprites/blob/master/sprites/pokemon/other/official-artwork/524.png
525	525.webp	Boldore	Nintendo / Creatures Inc. / GAME FREAK inc.	PokeAPI	https://github.com/PokeAPI/sprites/blob/master/sprites/pokemon/other/official-artwork/525.png
526	526.webp	Gigalith	Nintendo / Creatures Inc. / GAME FREAK inc.	PokeAPI	https://github.com/PokeAPI/sprites/blob/master/sprites/pokemon/other/official-artwork/526.png
527	527.webp	Woobat	Nintendo / Creatures Inc. / GAME FREAK inc.	PokeAPI	https://github.com/PokeAPI/sprites/blob/master/sprites/pokemon/other/official-artwork/527.png
528	528.webp	Swoobat	Nintendo / Creatures Inc. / GAME FREAK inc.	PokeAPI	https://github.com/PokeAPI/sprites/blob/master/sprites/pokemon/other/official-artwork/528.png
529	529.webp	Drilbur	Nintendo / Creatures Inc. / GAME FREAK inc.	PokeAPI	https://github.com/PokeAPI/sprites/blob/master/sprites/pokemon/other/official-artwork/529.png
530	530.webp	Excadrill	Nintendo / Creatures Inc. / GAME FREAK inc.	PokeAPI	https://github.com/PokeAPI/sprites/blob/master/sprites/pokemon/other/official-artwork/530.png
531	531.webp	Audino	Nintendo / Creatures Inc. / GAME FREAK inc.	PokeAPI	https://github.com/PokeAPI/sprites/blob/master/sprites/pokemon/other/official-artwork/531.png
532	532.webp	Timburr	Nintendo / Creatures Inc. / GAME FREAK inc.	PokeAPI	https://github.com/PokeAPI/sprites/blob/master/sprites/pokemon/other/official-artwork/532.png
533	533.webp	Gurdurr	Nintendo / Creatures Inc. / GAME FREAK inc.	PokeAPI	https://github.com/PokeAPI/sprites/blob/master/sprites/pokemon/other/official-artwork/533.png
534	534.webp	Conkeldurr	Nintendo / Creatures Inc. / GAME FREAK inc.	PokeAPI	https://github.com/PokeAPI/sprites/blob/master/sprites/pokemon/other/official-artwork/534.png
535	535.webp	Tympole	Nintendo / Creatures Inc. / GAME FREAK inc.	PokeAPI	https://github.com/PokeAPI/sprites/blob/master/sprites/pokemon/other/official-artwork/535.png
536	536.webp	Palpitoad	Nintendo / Creatures Inc. / GAME FREAK inc.	PokeAPI	https://github.com/PokeAPI/sprites/blob/master/sprites/pokemon/other/official-artwork/536.png
537	537.webp	Seismitoad	Nintendo / Creatures Inc. / GAME FREAK inc.	PokeAPI	https://github.com/PokeAPI/sprites/blob/master/sprites/pokemon/other/official-artwork/537.png
538	538.webp	Throh	Nintendo / Creatures Inc. / GAME FREAK inc.	PokeAPI	https://github.com/PokeAPI/sprites/blob/master/sprites/pokemon/other/official-artwork/538.png
539	539.webp	Sawk	Nintendo / Creatures Inc. / GAME FREAK inc.	PokeAPI	https://github.com/PokeAPI/sprites/blob/master/sprites/pokemon/other/official-artwork/539.png
540	540.webp	Sewaddle	Nintendo / Creatures Inc. / GAME FREAK inc.	PokeAPI	https://github.com/PokeAPI/sprites/blob/master/sprites/pokemon/other/official-artwork/540.png
541	541.webp	Swadloon	Nintendo / Creatures Inc. / GAME FREAK inc.	PokeAPI	https://github.com/PokeAPI/sprites/blob/master/sprites/pokemon/other/official-artwork/541.png
542	542.webp	Leavanny	Nintendo / Creatures Inc. / GAME FREAK inc.	PokeAPI	https://github.com/PokeAPI/sprites/blob/master/sprites/pokemon/other/official-artwork/542.png
543	543.webp	Venipede	Nintendo / Creatures Inc. / GAME FREAK inc.	PokeAPI	https://github.com/PokeAPI/sprites/blob/master/sprites/pokemon/other/official-artwork/543.png
544	544.webp	Whirlipede	Nintendo / Creatures Inc. / GAME FREAK inc.	PokeAPI	https://github.com/PokeAPI/sprites/blob/master/sprites/pokemon/other/official-artwork/544.png
545	545.webp	Scolipede	Nintendo / Creatures Inc. / GAME FREAK inc.	PokeAPI	https://github.com/PokeAPI/sprites/blob/master/sprites/pokemon/other/official-artwork/545.png
546	546.webp	Cottonee	Nintendo / Creatures Inc. / GAME FREAK inc.	PokeAPI	https://github.com/PokeAPI/sprites/blob/master/sprites/pokemon/other/official-artwork/546.png
547	547.webp	Whimsicott	Nintendo / Creatures Inc. / GAME FREAK inc.	PokeAPI	https://github.com/PokeAPI/sprites/blob/master/sprites/pokemon/other/official-artwork/547.png
548	548.webp	Petilil	Nintendo / Creatures Inc. / GAME FREAK inc.	PokeAPI	https://github.com/PokeAPI/sprites/blob/master/sprites/pokemon/other/official-artwork/548.png
549	549.webp	Lilligant	Nintendo / Creatures Inc. / GAME FREAK inc.	PokeAPI	https://github.com/PokeAPI/sprites/blob/master/sprites/pokemon/other/official-artwork/549.png
550	550.webp	Basculin	Nintendo / Creatures Inc. / GAME FREAK inc.	PokeAPI	https://github.com/PokeAPI/sprites/blob/master/sprites/pokemon/other/official-artwork/550.png
551	551.webp	Sandile	Nintendo / Creatures Inc. / GAME FREAK inc.	PokeAPI	https://github.com/PokeAPI/sprites/blob/master/sprites/pokemon/other/official-artwork/551.png
552	552.webp	Krokorok	Nintendo / Creatures Inc. / GAME FREAK inc.	PokeAPI	https://github.com/PokeAPI/sprites/blob/master/sprites/pokemon/other/official-artwork/552.png
553	553.webp	Krookodile	Nintendo / Creatures Inc. / GAME FREAK inc.	PokeAPI	https://github.com/PokeAPI/sprites/blob/master/sprites/pokemon/other/official-artwork/553.png
554	554.webp	Darumaka	Nintendo / Creatures Inc. / GAME FREAK inc.	PokeAPI	https://github.com/PokeAPI/sprites/blob/master/sprites/pokemon/other/official-artwork/554.png
555	555.webp	Darmanitan	Nintendo / Creatures Inc. / GAME FREAK inc.	PokeAPI	https://github.com/PokeAPI/sprites/blob/master/sprites/pokemon/other/official-artwork/555.png
556	556.webp	Maractus	Nintendo / Creatures Inc. / GAME FREAK inc.	PokeAPI	https://github.com/PokeAPI/sprites/blob/master/sprites/pokemon/other/official-artwork/556.png
557	557.webp	Dwebble	Nintendo / Creatures Inc. / GAME FREAK inc.	PokeAPI	https://github.com/PokeAPI/sprites/blob/master/sprites/pokemon/other/official-artwork/557.png
558	558.webp	Crustle	Nintendo / Creatures Inc. / GAME FREAK inc.	PokeAPI	https://github.com/PokeAPI/sprites/blob/master/sprites/pokemon/other/official-artwork/558.png
559	559.webp	Scraggy	Nintendo / Creatures Inc. / GAME FREAK inc.	PokeAPI	https://github.com/PokeAPI/sprites/blob/master/sprites/pokemon/other/official-artwork/559.png
560	560.webp	Scrafty	Nintendo / Creatures Inc. / GAME FREAK inc.	PokeAPI	https://github.com/PokeAPI/sprites/blob/master/sprites/pokemon/other/official-artwork/560.png
561	561.webp	Sigilyph	Nintendo / Creatures Inc. / GAME FREAK inc.	PokeAPI	https://github.com/PokeAPI/sprites/blob/master/sprites/pokemon/other/official-artwork/561.png
562	562.webp	Yamask	Nintendo / Creatures Inc. / GAME FREAK inc.	PokeAPI	https://github.com/PokeAPI/sprites/blob/master/sprites/pokemon/other/official-artwork/562.png
563	563.webp	Cofagrigus	Nintendo / Creatures Inc. / GAME FREAK inc.	PokeAPI	https://github.com/PokeAPI/sprites/blob/master/sprites/pokemon/other/official-artwork/563.png
564	564.webp	Tirtouga	Nintendo / Creatures Inc. / GAME FREAK inc.	PokeAPI	https://github.com/PokeAPI/sprites/blob/master/sprites/pokemon/other/official-artwork/564.png
565	565.webp	Carracosta	Nintendo / Creatures Inc. / GAME FREAK inc.	PokeAPI	https://github.com/PokeAPI/sprites/blob/master/sprites/pokemon/other/official-artwork/565.png
566	566.webp	Archen	Nintendo / Creatures Inc. / GAME FREAK inc.	PokeAPI	https://github.com/PokeAPI/sprites/blob/master/sprites/pokemon/other/official-artwork/566.png
567	567.webp	Archeops	Nintendo / Creatures Inc. / GAME FREAK inc.	PokeAPI	https://github.com/PokeAPI/sprites/blob/master/sprites/pokemon/other/official-artwork/567.png
568	568.webp	Trubbish	Nintendo / Creatures Inc. / GAME FREAK inc.	PokeAPI	https://github.com/PokeAPI/sprites/blob/master/sprites/pokemon/other/official-artwork/568.png
569	569.webp	Garbodor	Nintendo / Creatures Inc. / GAME FREAK inc.	PokeAPI	https://github.com/PokeAPI/sprites/blob/master/sprites/pokemon/other/official-artwork/569.png
570	570.webp	Zorua	Nintendo / Creatures Inc. / GAME FREAK inc.	PokeAPI	https://github.com/PokeAPI/sprites/blob/master/sprites/pokemon/other/official-artwork/570.png
571	571.webp	Zoroark	Nintendo / Creatures Inc. / GAME FREAK inc.	PokeAPI	https://github.com/PokeAPI/sprites/blob/master/sprites/pokemon/other/official-artwork/571.png
572	572.webp	Minccino	Nintendo / Creatures Inc. / GAME FREAK inc.	PokeAPI	https://github.com/PokeAPI/sprites/blob/master/sprites/pokemon/other/official-artwork/572.png
573	573.webp	Cinccino	Nintendo / Creatures Inc. / GAME FREAK inc.	PokeAPI	https://github.com/PokeAPI/sprites/blob/master/sprites/pokemon/other/official-artwork/573.png
574	574.webp	Gothita	Nintendo / Creatures Inc. / GAME FREAK inc.	PokeAPI	https://github.com/PokeAPI/sprites/blob/master/sprites/pokemon/other/official-artwork/574.png
575	575.webp	Gothorita	Nintendo / Creatures Inc. / GAME FREAK inc.	PokeAPI	https://github.com/PokeAPI/sprites/blob/master/sprites/pokemon/other/official-artwork/575.png
576	576.webp	Gothitelle	Nintendo / Creatures Inc. / GAME FREAK inc.	PokeAPI	https://github.com/PokeAPI/sprites/blob/master/sprites/pokemon/other/official-artwork/576.png
577	577.webp	Solosis	Nintendo / Creatures Inc. / GAME FREAK inc.	PokeAPI	https://github.com/PokeAPI/sprites/blob/master/sprites/pokemon/other/official-artwork/577.png
578	578.webp	Duosion	Nintendo / Creatures Inc. / GAME FREAK inc.	PokeAPI	https://github.com/PokeAPI/sprites/blob/master/sprites/pokemon/other/official-artwork/578.png
579	579.webp	Reuniclus	Nintendo / Creatures Inc. / GAME FREAK inc.	PokeAPI	https://github.com/PokeAPI/sprites/blob/master/sprites/pokemon/other/official-artwork/579.png
580	580.webp	Ducklett	Nintendo / Creatures Inc. / GAME FREAK inc.	PokeAPI	https://github.com/PokeAPI/sprites/blob/master/sprites/pokemon/other/official-artwork/580.png
581	581.webp	Swanna	Nintendo / Creatures Inc. / GAME FREAK inc.	PokeAPI	https://github.com/PokeAPI/sprites/blob/master/sprites/pokemon/other/official-artwork/581.png
582	582.webp	Vanillite	Nintendo / Creatures Inc. / GAME FREAK inc.	PokeAPI	https://github.com/PokeAPI/sprites/blob/master/sprites/pokemon/other/official-artwork/582.png
583	583.webp	Vanillish	Nintendo / Creatures Inc. / GAME FREAK inc.	PokeAPI	https://github.com/PokeAPI/sprites/blob/master/sprites/pokemon/other/official-artwork/583.png
584	584.webp	Vanilluxe	Nintendo / Creatures Inc. / GAME FREAK inc.	PokeAPI	https://github.com/PokeAPI/sprites/blob/master/sprites/pokemon/other/official-artwork/584.png
585	585.webp	Deerling	Nintendo / Creatures Inc. / GAME FREAK inc.	PokeAPI	https://github.com/PokeAPI/sprites/blob/master/sprites/pokemon/other/official-artwork/585.png
586	586.webp	Sawsbuck	Nintendo / Creatures Inc. / GAME FREAK inc.	PokeAPI	https://github.com/PokeAPI/sprites/blob/master/sprites/pokemon/other/official-artwork/586.png
587	587.webp	Emolga	Nintendo / Creatures Inc. / GAME FREAK inc.	PokeAPI	https://github.com/PokeAPI/sprites/blob/master/sprites/pokemon/other/official-artwork/587.png
588	588.webp	Karrablast	Nintendo / Creatures Inc. / GAME FREAK inc.	PokeAPI	https://github.com/PokeAPI/sprites/blob/master/sprites/pokemon/other/official-artwork/588.png
589	589.webp	Escavalier	Nintendo / Creatures Inc. / GAME FREAK inc.	PokeAPI	https://github.com/PokeAPI/sprites/blob/master/sprites/pokemon/other/official-artwork/589.png
590	590.webp	Foongus	Nintendo / Creatures Inc. / GAME FREAK inc.	PokeAPI	https://github.com/PokeAPI/sprites/blob/master/sprites/pokemon/other/official-artwork/590.png
591	591.webp	Amoonguss	Nintendo / Creatures Inc. / GAME FREAK inc.	PokeAPI	https://github.com/PokeAPI/sprites/blob/master/sprites/pokemon/other/official-artwork/591.png
592	592.webp	Frillish	Nintendo / Creatures Inc. / GAME FREAK inc.	PokeAPI	https://github.com/PokeAPI/sprites/blob/master/sprites/pokemon/other/official-artwork/592.png
593	593.webp	Jellicent	Nintendo / Creatures Inc. / GAME FREAK inc.	PokeAPI	https://github.com/PokeAPI/sprites/blob/master/sprites/pokemon/other/official-artwork/593.png
594	594.webp	Alomomola	Nintendo / Creatures Inc. / GAME FREAK inc.	PokeAPI	https://github.com/PokeAPI/sprites/blob/master/sprites/pokemon/other/official-artwork/594.png
595	595.webp	Joltik	Nintendo / Creatures Inc. / GAME FREAK inc.	PokeAPI	https://github.com/PokeAPI/sprites/blob/master/sprites/pokemon/other/official-artwork/595.png
596	596.webp	Galvantula	Nintendo / Creatures Inc. / GAME FREAK inc.	PokeAPI	https://github.com/PokeAPI/sprites/blob/master/sprites/pokemon/other/official-artwork/596.png
597	597.webp	Ferroseed	Nintendo / Creatures Inc. / GAME FREAK inc.	PokeAPI	https://github.com/PokeAPI/sprites/blob/master/sprites/pokemon/other/official-artwork/597.png
598	598.webp	Ferrothorn	Nintendo / Creatures Inc. / GAME FREAK inc.	PokeAPI	https://github.com/PokeAPI/sprites/blob/master/sprites/pokemon/other/official-artwork/598.png
599	599.webp	Klink	Nintendo / Creatures Inc. / GAME FREAK inc.	PokeAPI	https://github.com/PokeAPI/sprites/blob/master/sprites/pokemon/other/official-artwork/599.png
600	600.webp	Klang	Nintendo / Creatures Inc. / GAME FREAK inc.	PokeAPI	https://github.com/PokeAPI/sprites/blob/master/sprites/pokemon/other/official-artwork/600.png
601	601.webp	Klinklang	Nintendo / Creatures Inc. / GAME FREAK inc.	PokeAPI	https://github.com/PokeAPI/sprites/blob/master/sprites/pokemon/other/official-artwork/601.png
602	602.webp	Tynamo	Nintendo / Creatures Inc. / GAME FREAK inc.	PokeAPI	https://github.com/PokeAPI/sprites/blob/master/sprites/pokemon/other/official-artwork/602.png
603	603.webp	Eelektrik	Nintendo / Creatures Inc. / GAME FREAK inc.	PokeAPI	https://github.com/PokeAPI/sprites/blob/master/sprites/pokemon/other/official-artwork/603.png
604	604.webp	Eelektross	Nintendo / Creatures Inc. / GAME FREAK inc.	PokeAPI	https://github.com/PokeAPI/sprites/blob/master/sprites/pokemon/other/official-artwork/604.png
605	605.webp	Elgyem	Nintendo / Creatures Inc. / GAME FREAK inc.	PokeAPI	https://github.com/PokeAPI/sprites/blob/master/sprites/pokemon/other/official-artwork/605.png
606	606.webp	Beheeyem	Nintendo / Creatures Inc. / GAME FREAK inc.	PokeAPI	https://github.com/PokeAPI/sprites/blob/master/sprites/pokemon/other/official-artwork/606.png
607	607.webp	Litwick	Nintendo / Creatures Inc. / GAME FREAK inc.	PokeAPI	https://github.com/PokeAPI/sprites/blob/master/sprites/pokemon/other/official-artwork/607.png
608	608.webp	Lampent	Nintendo / Creatures Inc. / GAME FREAK inc.	PokeAPI	https://github.com/PokeAPI/sprites/blob/master/sprites/pokemon/other/official-artwork/608.png
609	609.webp	Chandelure	Nintendo / Creatures Inc. / GAME FREAK inc.	PokeAPI	https://github.com/PokeAPI/sprites/blob/master/sprites/pokemon/other/official-artwork/609.png
610	610.webp	Axew	Nintendo / Creatures Inc. / GAME FREAK inc.	PokeAPI	https://github.com/PokeAPI/sprites/blob/master/sprites/pokemon/other/official-artwork/610.png
611	611.webp	Fraxure	Nintendo / Creatures Inc. / GAME FREAK inc.	PokeAPI	https://github.com/PokeAPI/sprites/blob/master/sprites/pokemon/other/official-artwork/611.png
612	612.webp	Haxorus	Nintendo / Creatures Inc. / GAME FREAK inc.	PokeAPI	https://github.com/PokeAPI/sprites/blob/master/sprites/pokemon/other/official-artwork/612.png
613	613.webp	Cubchoo	Nintendo / Creatures Inc. / GAME FREAK inc.	PokeAPI	https://github.com/PokeAPI/sprites/blob/master/sprites/pokemon/other/official-artwork/613.png
614	614.webp	Beartic	Nintendo / Creatures Inc. / GAME FREAK inc.	PokeAPI	https://github.com/PokeAPI/sprites/blob/master/sprites/pokemon/other/official-artwork/614.png
615	615.webp	Cryogonal	Nintendo / Creatures Inc. / GAME FREAK inc.	PokeAPI	https://github.com/PokeAPI/sprites/blob/master/sprites/pokemon/other/official-artwork/615.png
616	616.webp	Shelmet	Nintendo / Creatures Inc. / GAME FREAK inc.	PokeAPI	https://github.com/PokeAPI/sprites/blob/master/sprites/pokemon/other/official-artwork/616.png
617	617.webp	Accelgor	Nintendo / Creatures Inc. / GAME FREAK inc.	PokeAPI	https://github.com/PokeAPI/sprites/blob/master/sprites/pokemon/other/official-artwork/617.png
618	618.webp	Stunfisk	Nintendo / Creatures Inc. / GAME FREAK inc.	PokeAPI	https://github.com/PokeAPI/sprites/blob/master/sprites/pokemon/other/official-artwork/618.png
619	619.webp	Mienfoo	Nintendo / Creatures Inc. / GAME FREAK inc.	PokeAPI	https://github.com/PokeAPI/sprites/blob/master/sprites/pokemon/other/official-artwork/619.png
620	620.webp	Mienshao	Nintendo / Creatures Inc. / GAME FREAK inc.	PokeAPI	https://github.com/PokeAPI/sprites/blob/master/sprites/pokemon/other/official-artwork/620.png
621	621.webp	Druddigon	Nintendo / Creatures Inc. / GAME FREAK inc.	PokeAPI	https://github.com/PokeAPI/sprites/blob/master/sprites/pokemon/other/official-artwork/621.png
622	622.webp	Golett	Nintendo / Creatures Inc. / GAME FREAK inc.	PokeAPI	https://github.com/PokeAPI/sprites/blob/master/sprites/pokemon/other/official-artwork/622.png
623	623.webp	Golurk	Nintendo / Creatures Inc. / GAME FREAK inc.	PokeAPI	https://github.com/PokeAPI/sprites/blob/master/sprites/pokemon/other/official-artwork/623.png
624	624.webp	Pawniard	Nintendo / Creatures Inc. / GAME FREAK inc.	PokeAPI	https://github.com/PokeAPI/sprites/blob/master/sprites/pokemon/other/official-artwork/624.png
625	625.webp	Bisharp	Nintendo / Creatures Inc. / GAME FREAK inc.	PokeAPI	https://github.com/PokeAPI/sprites/blob/master/sprites/pokemon/other/official-artwork/625.png
626	626.webp	Bouffalant	Nintendo / Creatures Inc. / GAME FREAK inc.	PokeAPI	https://github.com/PokeAPI/sprites/blob/master/sprites/pokemon/other/official-artwork/626.png
627	627.webp	Rufflet	Nintendo / Creatures Inc. / GAME FREAK inc.	PokeAPI	https://github.com/PokeAPI/sprites/blob/master/sprites/pokemon/other/official-artwork/627.png
628	628.webp	Braviary	Nintendo / Creatures Inc. / GAME FREAK inc.	PokeAPI	https://github.com/PokeAPI/sprites/blob/master/sprites/pokemon/other/official-artwork/628.png
629	629.webp	Vullaby	Nintendo / Creatures Inc. / GAME FREAK inc.	PokeAPI	https://github.com/PokeAPI/sprites/blob/master/sprites/pokemon/other/official-artwork/629.png
630	630.webp	Mandibuzz	Nintendo / Creatures Inc. / GAME FREAK inc.	PokeAPI	https://github.com/PokeAPI/sprites/blob/master/sprites/pokemon/other/official-artwork/630.png
631	631.webp	Heatmor	Nintendo / Creatures Inc. / GAME FREAK inc.	PokeAPI	https://github.com/PokeAPI/sprites/blob/master/sprites/pokemon/other/official-artwork/631.png
632	632.webp	Durant	Nintendo / Creatures Inc. / GAME FREAK inc.	PokeAPI	https://github.com/PokeAPI/sprites/blob/master/sprites/pokemon/other/official-artwork/632.png
633	633.webp	Deino	Nintendo / Creatures Inc. / GAME FREAK inc.	PokeAPI	https://github.com/PokeAPI/sprites/blob/master/sprites/pokemon/other/official-artwork/633.png
634	634.webp	Zweilous	Nintendo / Creatures Inc. / GAME FREAK inc.	PokeAPI	https://github.com/PokeAPI/sprites/blob/master/sprites/pokemon/other/official-artwork/634.png
635	635.webp	Hydreigon	Nintendo / Creatures Inc. / GAME FREAK inc.	PokeAPI	https://github.com/PokeAPI/sprites/blob/master/sprites/pokemon/other/official-artwork/635.png
636	636.webp	Larvesta	Nintendo / Creatures Inc. / GAME FREAK inc.	PokeAPI	https://github.com/PokeAPI/sprites/blob/master/sprites/pokemon/other/official-artwork/636.png
637	637.webp	Volcarona	Nintendo / Creatures Inc. / GAME FREAK inc.	PokeAPI	https://github.com/PokeAPI/sprites/blob/master/sprites/pokemon/other/official-artwork/637.png
638	638.webp	Cobalion	Nintendo / Creatures Inc. / GAME FREAK inc.	PokeAPI	https://github.com/PokeAPI/sprites/blob/master/sprites/pokemon/other/official-artwork/638.png
639	639.webp	Terrakion	Nintendo / Creatures Inc. / GAME FREAK inc.	PokeAPI	https://github.com/PokeAPI/sprites/blob/master/sprites/pokemon/other/official-artwork/639.png
640	640.webp	Virizion	Nintendo / Creatures Inc. / GAME FREAK inc.	PokeAPI	https://github.com/PokeAPI/sprites/blob/master/sprites/pokemon/other/official-artwork/640.png
641	641.webp	Tornadus	Nintendo / Creatures Inc. / GAME FREAK inc.	PokeAPI	https://github.com/PokeAPI/sprites/blob/master/sprites/pokemon/other/official-artwork/641.png
642	642.webp	Thundurus	Nintendo / Creatures Inc. / GAME FREAK inc.	PokeAPI	https://github.com/PokeAPI/sprites/blob/master/sprites/pokemon/other/official-artwork/642.png
643	643.webp	Reshiram	Nintendo / Creatures Inc. / GAME FREAK inc.	PokeAPI	https://github.com/PokeAPI/sprites/blob/master/sprites/pokemon/other/official-artwork/643.png
644	644.webp	Zekrom	Nintendo / Creatures Inc. / GAME FREAK inc.	PokeAPI	https://github.com/PokeAPI/sprites/blob/master/sprites/pokemon/other/official-artwork/644.png
645	645.webp	Landorus	Nintendo / Creatures Inc. / GAME FREAK inc.	PokeAPI	https://github.com/PokeAPI/sprites/blob/master/sprites/pokemon/other/official-artwork/645.png
646	646.webp	Kyurem	Nintendo / Creatures Inc. / GAME FREAK inc.	PokeAPI	https://github.com/PokeAPI/sprites/blob/master/sprites/pokemon/other/official-artwork/646.png
647	647.webp	Keldeo	Nintendo / Creatures Inc. / GAME FREAK inc.	PokeAPI	https://github.com/PokeAPI/sprites/blob/master/sprites/pokemon/other/official-artwork/647.png
648	648.webp	Meloetta	Nintendo / Creatures Inc. / GAME FREAK inc.	PokeAPI	https://github.com/PokeAPI/sprites/blob/master/sprites/pokemon/other/official-artwork/648.png
649	649.webp	Genesect	Nintendo / Creatures Inc. / GAME FREAK inc.	PokeAPI	https://github.com/PokeAPI/sprites/blob/master/sprites/pokemon/other/official-artwork/649.png
650	650.webp	Chespin	Nintendo / Creatures Inc. / GAME FREAK inc.	PokeAPI	https://github.com/PokeAPI/sprites/blob/master/sprites/pokemon/other/official-artwork/650.png
651	651.webp	Quilladin	Nintendo / Creatures Inc. / GAME FREAK inc.	PokeAPI	https://github.com/PokeAPI/sprites/blob/master/sprites/pokemon/other/official-artwork/651.png
652	652.webp	Chesnaught	Nintendo / Creatures Inc. / GAME FREAK inc.	PokeAPI	https://github.com/PokeAPI/sprites/blob/master/sprites/pokemon/other/official-artwork/652.png
653	653.webp	Fennekin	Nintendo / Creatures Inc. / GAME FREAK inc.	PokeAPI	https://github.com/PokeAPI/sprites/blob/master/sprites/pokemon/other/official-artwork/653.png
654	654.webp	Braixen	Nintendo / Creatures Inc. / GAME FREAK inc.	PokeAPI	https://github.com/PokeAPI/sprites/blob/master/sprites/pokemon/other/official-artwork/654.png
655	655.webp	Delphox	Nintendo / Creatures Inc. / GAME FREAK inc.	PokeAPI	https://github.com/PokeAPI/sprites/blob/master/sprites/pokemon/other/official-artwork/655.png
656	656.webp	Froakie	Nintendo / Creatures Inc. / GAME FREAK inc.	PokeAPI	https://github.com/PokeAPI/sprites/blob/master/sprites/pokemon/other/official-artwork/656.png
657	657.webp	Frogadier	Nintendo / Creatures Inc. / GAME FREAK inc.	PokeAPI	https://github.com/PokeAPI/sprites/blob/master/sprites/pokemon/other/official-artwork/657.png
658	658.webp	Greninja	Nintendo / Creatures Inc. / GAME FREAK inc.	PokeAPI	https://github.com/PokeAPI/sprites/blob/master/sprites/pokemon/other/official-artwork/658.png
659	659.webp	Bunnelby	Nintendo / Creatures Inc. / GAME FREAK inc.	PokeAPI	https://github.com/PokeAPI/sprites/blob/master/sprites/pokemon/other/official-artwork/659.png
660	660.webp	Diggersby	Nintendo / Creatures Inc. / GAME FREAK inc.	PokeAPI	https://github.com/PokeAPI/sprites/blob/master/sprites/pokemon/other/official-artwork/660.png
661	661.webp	Fletchling	Nintendo / Creatures Inc. / GAME FREAK inc.	PokeAPI	https://github.com/PokeAPI/sprites/blob/master/sprites/pokemon/other/official-artwork/661.png
662	662.webp	Fletchinder	Nintendo / Creatures Inc. / GAME FREAK inc.	PokeAPI	https://github.com/PokeAPI/sprites/blob/master/sprites/pokemon/other/official-artwork/662.png
663	663.webp	Talonflame	Nintendo / Creatures Inc. / GAME FREAK inc.	PokeAPI	https://github.com/PokeAPI/sprites/blob/master/sprites/pokemon/other/official-artwork/663.png
664	664.webp	Scatterbug	Nintendo / Creatures Inc. / GAME FREAK inc.	PokeAPI	https://github.com/PokeAPI/sprites/blob/master/sprites/pokemon/other/official-artwork/664.png
665	665.webp	Spewpa	Nintendo / Creatures Inc. / GAME FREAK inc.	PokeAPI	https://github.com/PokeAPI/sprites/blob/master/sprites/pokemon/other/official-artwork/665.png
666	666.webp	Vivillon	Nintendo / Creatures Inc. / GAME FREAK inc.	PokeAPI	https://github.com/PokeAPI/sprites/blob/master/sprites/pokemon/other/official-artwork/666.png
667	667.webp	Litleo	Nintendo / Creatures Inc. / GAME FREAK inc.	PokeAPI	https://github.com/PokeAPI/sprites/blob/master/sprites/pokemon/other/official-artwork/667.png
668	668.webp	Pyroar	Nintendo / Creatures Inc. / GAME FREAK inc.	PokeAPI	https://github.com/PokeAPI/sprites/blob/master/sprites/pokemon/other/official-artwork/668.png
669	669.webp	Flabébé	Nintendo / Creatures Inc. / GAME FREAK inc.	PokeAPI	https://github.com/PokeAPI/sprites/blob/master/sprites/pokemon/other/official-artwork/669.png
670	670.webp	Floette	Nintendo / Creatures Inc. / GAME FREAK inc.	PokeAPI	https://github.com/PokeAPI/sprites/blob/master/sprites/pokemon/other/official-artwork/670.png
671	671.webp	Florges	Nintendo / Creatures Inc. / GAME FREAK inc.	PokeAPI	https://github.com/PokeAPI/sprites/blob/master/sprites/pokemon/other/official-artwork/671.png
672	672.webp	Skiddo	Nintendo / Creatures Inc. / GAME FREAK inc.	PokeAPI	https://github.com/PokeAPI/sprites/blob/master/sprites/pokemon/other/official-artwork/672.png
673	673.webp	Gogoat	Nintendo / Creatures Inc. / GAME FREAK inc.	PokeAPI	https://github.com/PokeAPI/sprites/blob/master/sprites/pokemon/other/official-artwork/673.png
674	674.webp	Pancham	Nintendo / Creatures Inc. / GAME FREAK inc.	PokeAPI	https://github.com/PokeAPI/sprites/blob/master/sprites/pokemon/other/official-artwork/674.png
675	675.webp	Pangoro	Nintendo / Creatures Inc. / GAME FREAK inc.	PokeAPI	https://github.com/PokeAPI/sprites/blob/master/sprites/pokemon/other/official-artwork/675.png
676	676.webp	Furfrou	Nintendo / Creatures Inc. / GAME FREAK inc.	PokeAPI	https://github.com/PokeAPI/sprites/blob/master/sprites/pokemon/other/official-artwork/676.png
677	677.webp	Espurr	Nintendo / Creatures Inc. / GAME FREAK inc.	PokeAPI	https://github.com/PokeAPI/sprites/blob/master/sprites/pokemon/other/official-artwork/677.png
678	678.webp	Meowstic	Nintendo / Creatures Inc. / GAME FREAK inc.	PokeAPI	https://github.com/PokeAPI/sprites/blob/master/sprites/pokemon/other/official-artwork/678.png
679	679.webp	Honedge	Nintendo / Creatures Inc. / GAME FREAK inc.	PokeAPI	https://github.com/PokeAPI/sprites/blob/master/sprites/pokemon/other/official-artwork/679.png
680	680.webp	Doublade	Nintendo / Creatures Inc. / GAME FREAK inc.	PokeAPI	https://github.com/PokeAPI/sprites/blob/master/sprites/pokemon/other/official-artwork/680.png
681	681.webp	Aegislash	Nintendo / Creatures Inc. / GAME FREAK inc.	PokeAPI	https://github.com/PokeAPI/sprites/blob/master/sprites/pokemon/other/official-artwork/681.png
682	682.webp	Spritzee	Nintendo / Creatures Inc. / GAME FREAK inc.	PokeAPI	https://github.com/PokeAPI/sprites/blob/master/sprites/pokemon/other/official-artwork/682.png
683	683.webp	Aromatisse	Nintendo / Creatures Inc. / GAME FREAK inc.	PokeAPI	https://github.com/PokeAPI/sprites/blob/master/sprites/pokemon/other/official-artwork/683.png
684	684.webp	Swirlix	Nintendo / Creatures Inc. / GAME FREAK inc.	PokeAPI	https://github.com/PokeAPI/sprites/blob/master/sprites/pokemon/other/official-artwork/684.png
685	685.webp	Slurpuff	Nintendo / Creatures Inc. / GAME FREAK inc.	PokeAPI	https://github.com/PokeAPI/sprites/blob/master/sprites/pokemon/other/official-artwork/685.png
686	686.webp	Inkay	Nintendo / Creatures Inc. / GAME FREAK inc.	PokeAPI	https://github.com/PokeAPI/sprites/blob/master/sprites/pokemon/other/official-artwork/686.png
687	687.webp	Malamar	Nintendo / Creatures Inc. / GAME FREAK inc.	PokeAPI	https://github.com/PokeAPI/sprites/blob/master/sprites/pokemon/other/official-artwork/687.png
688	688.webp	Binacle	Nintendo / Creatures Inc. / GAME FREAK inc.	PokeAPI	https://github.com/PokeAPI/sprites/blob/master/sprites/pokemon/other/official-artwork/688.png
689	689.webp	Barbaracle	Nintendo / Creatures Inc. / GAME FREAK inc.	PokeAPI	https://github.com/PokeAPI/sprites/blob/master/sprites/pokemon/other/official-artwork/689.png
690	690.webp	Skrelp	Nintendo / Creatures Inc. / GAME FREAK inc.	PokeAPI	https://github.com/PokeAPI/sprites/blob/master/sprites/pokemon/other/official-artwork/690.png
691	691.webp	Dragalge	Nintendo / Creatures Inc. / GAME FREAK inc.	PokeAPI	https://github.com/PokeAPI/sprites/blob/master/sprites/pokemon/other/official-artwork/691.png
692	692.webp	Clauncher	Nintendo / Creatures Inc. / GAME FREAK inc.	PokeAPI	https://github.com/PokeAPI/sprites/blob/master/sprites/pokemon/other/official-artwork/692.png
693	693.webp	Clawitzer	Nintendo / Creatures Inc. / GAME FREAK inc.	PokeAPI	https://github.com/PokeAPI/sprites/blob/master/sprites/pokemon/other/official-artwork/693.png
694	694.webp	Helioptile	Nintendo / Creatures Inc. / GAME FREAK inc.	PokeAPI	https://github.com/PokeAPI/sprites/blob/master/sprites/pokemon/other/official-artwork/694.png
695	695.webp	Heliolisk	Nintendo / Creatures Inc. / GAME FREAK inc.	PokeAPI	https://github.com/PokeAPI/sprites/blob/master/sprites/pokemon/other/official-artwork/695.png
696	696.webp	Tyrunt	Nintendo / Creatures Inc. / GAME FREAK inc.	PokeAPI	https://github.com/PokeAPI/sprites/blob/master/sprites/pokemon/other/official-artwork/696.png
697	697.webp	Tyrantrum	Nintendo / Creatures Inc. / GAME FREAK inc.	PokeAPI	https://github.com/PokeAPI/sprites/blob/master/sprites/pokemon/other/official-artwork/697.png
698	698.webp	Amaura	Nintendo / Creatures Inc. / GAME FREAK inc.	PokeAPI	https://github.com/PokeAPI/sprites/blob/master/sprites/pokemon/other/official-artwork/698.png
699	699.webp	Aurorus	Nintendo / Creatures Inc. / GAME FREAK inc.	PokeAPI	https://github.com/PokeAPI/sprites/blob/master/sprites/pokemon/other/official-artwork/699.png
700	700.webp	Sylveon	Nintendo / Creatures Inc. / GAME FREAK inc.	PokeAPI	https://github.com/PokeAPI/sprites/blob/master/sprites/pokemon/other/official-artwork/700.png
701	701.webp	Hawlucha	Nintendo / Creatures Inc. / GAME FREAK inc.	PokeAPI	https://github.com/PokeAPI/sprites/blob/master/sprites/pokemon/other/official-artwork/701.png
702	702.webp	Dedenne	Nintendo / Creatures Inc. / GAME FREAK inc.	PokeAPI	https://github.com/PokeAPI/sprites/blob/master/sprites/pokemon/other/official-artwork/702.png
703	703.webp	Carbink	Nintendo / Creatures Inc. / GAME FREAK inc.	PokeAPI	https://github.com/PokeAPI/sprites/blob/master/sprites/pokemon/other/official-artwork/703.png
704	704.webp	Goomy	Nintendo / Creatures Inc. / GAME FREAK inc.	PokeAPI	https://github.com/PokeAPI/sprites/blob/master/sprites/pokemon/other/official-artwork/704.png
705	705.webp	Sliggoo	Nintendo / Creatures Inc. / GAME FREAK inc.	PokeAPI	https://github.com/PokeAPI/sprites/blob/master/sprites/pokemon/other/official-artwork/705.png
706	706.webp	Goodra	Nintendo / Creatures Inc. / GAME FREAK inc.	PokeAPI	https://github.com/PokeAPI/sprites/blob/master/sprites/pokemon/other/official-artwork/706.png
707	707.webp	Klefki	Nintendo / Creatures Inc. / GAME FREAK inc.	PokeAPI	https://github.com/PokeAPI/sprites/blob/master/sprites/pokemon/other/official-artwork/707.png
708	708.webp	Phantump	Nintendo / Creatures Inc. / GAME FREAK inc.	PokeAPI	https://github.com/PokeAPI/sprites/blob/master/sprites/pokemon/other/official-artwork/708.png
709	709.webp	Trevenant	Nintendo / Creatures Inc. / GAME FREAK inc.	PokeAPI	https://github.com/PokeAPI/sprites/blob/master/sprites/pokemon/other/official-artwork/709.png
710	710.webp	Pumpkaboo	Nintendo / Creatures Inc. / GAME FREAK inc.	PokeAPI	https://github.com/PokeAPI/sprites/blob/master/sprites/pokemon/other/official-artwork/710.png
711	711.webp	Gourgeist	Nintendo / Creatures Inc. / GAME FREAK inc.	PokeAPI	https://github.com/PokeAPI/sprites/blob/master/sprites/pokemon/other/official-artwork/711.png
712	712.webp	Bergmite	Nintendo / Creatures Inc. / GAME FREAK inc.	PokeAPI	https://github.com/PokeAPI/sprites/blob/master/sprites/pokemon/other/official-artwork/712.png
713	713.webp	Avalugg	Nintendo / Creatures Inc. / GAME FREAK inc.	PokeAPI	https://github.com/PokeAPI/sprites/blob/master/sprites/pokemon/other/official-artwork/713.png
714	714.webp	Noibat	Nintendo / Creatures Inc. / GAME FREAK inc.	PokeAPI	https://github.com/PokeAPI/sprites/blob/master/sprites/pokemon/other/official-artwork/714.png
715	715.webp	Noivern	Nintendo / Creatures Inc. / GAME FREAK inc.	PokeAPI	https://github.com/PokeAPI/sprites/blob/master/sprites/pokemon/other/official-artwork/715.png
716	716.webp	Xerneas	Nintendo / Creatures Inc. / GAME FREAK inc.	PokeAPI	https://github.com/PokeAPI/sprites/blob/master/sprites/pokemon/other/official-artwork/716.png
717	717.webp	Yveltal	Nintendo / Creatures Inc. / GAME FREAK inc.	PokeAPI	https://github.com/PokeAPI/sprites/blob/master/sprites/pokemon/other/official-artwork/717.png
718	718.webp	Zygarde	Nintendo / Creatures Inc. / GAME FREAK inc.	PokeAPI	https://github.com/PokeAPI/sprites/blob/master/sprites/pokemon/other/official-artwork/718.png
719	719.webp	Diancie	Nintendo / Creatures Inc. / GAME FREAK inc.	PokeAPI	https://github.com/PokeAPI/sprites/blob/master/sprites/pokemon/other/official-artwork/719.png
720	720.webp	Hoopa	Nintendo / Creatures Inc. / GAME FREAK inc.	PokeAPI	https://github.com/PokeAPI/sprites/blob/master/sprites/pokemon/other/official-artwork/720.png
721	721.webp	Volcanion	Nintendo / Creatures Inc. / GAME FREAK inc.	PokeAPI	https://github.com/PokeAPI/sprites/blob/master/sprites/pokemon/other/official-artwork/721.png
722	722.webp	Rowlet	Nintendo / Creatures Inc. / GAME FREAK inc.	PokeAPI	https://github.com/PokeAPI/sprites/blob/master/sprites/pokemon/other/official-artwork/722.png
723	723.webp	Dartrix	Nintendo / Creatures Inc. / GAME FREAK inc.	PokeAPI	https://github.com/PokeAPI/sprites/blob/master/sprites/pokemon/other/official-artwork/723.png
724	724.webp	Decidueye	Nintendo / Creatures Inc. / GAME FREAK inc.	PokeAPI	https://github.com/PokeAPI/sprites/blob/master/sprites/pokemon/other/official-artwork/724.png
725	725.webp	Litten	Nintendo / Creatures Inc. / GAME FREAK inc.	PokeAPI	https://github.com/PokeAPI/sprites/blob/master/sprites/pokemon/other/official-artwork/725.png
726	726.webp	Torracat	Nintendo / Creatures Inc. / GAME FREAK inc.	PokeAPI	https://github.com/PokeAPI/sprites/blob/master/sprites/pokemon/other/official-artwork/726.png
727	727.webp	Incineroar	Nintendo / Creatures Inc. / GAME FREAK inc.	PokeAPI	https://github.com/PokeAPI/sprites/blob/master/sprites/pokemon/other/official-artwork/727.png
728	728.webp	Popplio	Nintendo / Creatures Inc. / GAME FREAK inc.	PokeAPI	https://github.com/PokeAPI/sprites/blob/master/sprites/pokemon/other/official-artwork/728.png
729	729.webp	Brionne	Nintendo / Creatures Inc. / GAME FREAK inc.	PokeAPI	https://github.com/PokeAPI/sprites/blob/master/sprites/pokemon/other/official-artwork/729.png
730	730.webp	Primarina	Nintendo / Creatures Inc. / GAME FREAK inc.	PokeAPI	https://github.com/PokeAPI/sprites/blob/master/sprites/pokemon/other/official-artwork/730.png
731	731.webp	Pikipek	Nintendo / Creatures Inc. / GAME FREAK inc.	PokeAPI	https://github.com/PokeAPI/sprites/blob/master/sprites/pokemon/other/official-artwork/731.png
732	732.webp	Trumbeak	Nintendo / Creatures Inc. / GAME FREAK inc.	PokeAPI	https://github.com/PokeAPI/sprites/blob/master/sprites/pokemon/other/official-artwork/732.png
733	733.webp	Toucannon	Nintendo / Creatures Inc. / GAME FREAK inc.	PokeAPI	https://github.com/PokeAPI/sprites/blob/master/sprites/pokemon/other/official-artwork/733.png
734	734.webp	Yungoos	Nintendo / Creatures Inc. / GAME FREAK inc.	PokeAPI	https://github.com/PokeAPI/sprites/blob/master/sprites/pokemon/other/official-artwork/734.png
735	735.webp	Gumshoos	Nintendo / Creatures Inc. / GAME FREAK inc.	PokeAPI	https://github.com/PokeAPI/sprites/blob/master/sprites/pokemon/other/official-artwork/735.png
736	736.webp	Grubbin	Nintendo / Creatures Inc. / GAME FREAK inc.	PokeAPI	https://github.com/PokeAPI/sprites/blob/master/sprites/pokemon/other/official-artwork/736.png
737	737.webp	Charjabug	Nintendo / Creatures Inc. / GAME FREAK inc.	PokeAPI	https://github.com/PokeAPI/sprites/blob/master/sprites/pokemon/other/official-artwork/737.png
738	738.webp	Vikavolt	Nintendo / Creatures Inc. / GAME FREAK inc.	PokeAPI	https://github.com/PokeAPI/sprites/blob/master/sprites/pokemon/other/official-artwork/738.png
739	739.webp	Crabrawler	Nintendo / Creatures Inc. / GAME FREAK inc.	PokeAPI	https://github.com/PokeAPI/sprites/blob/master/sprites/pokemon/other/official-artwork/739.png
740	740.webp	Crabominable	Nintendo / Creatures Inc. / GAME FREAK inc.	PokeAPI	https://github.com/PokeAPI/sprites/blob/master/sprites/pokemon/other/official-artwork/740.png
741	741.webp	Oricorio	Nintendo / Creatures Inc. / GAME FREAK inc.	PokeAPI	https://github.com/PokeAPI/sprites/blob/master/sprites/pokemon/other/official-artwork/741.png
742	742.webp	Cutiefly	Nintendo / Creatures Inc. / GAME FREAK inc.	PokeAPI	https://github.com/PokeAPI/sprites/blob/master/sprites/pokemon/other/official-artwork/742.png
743	743.webp	Ribombee	Nintendo / Creatures Inc. / GAME FREAK inc.	PokeAPI	https://github.com/PokeAPI/sprites/blob/master/sprites/pokemon/other/official-artwork/743.png
744	744.webp	Rockruff	Nintendo / Creatures Inc. / GAME FREAK inc.	PokeAPI	https://github.com/PokeAPI/sprites/blob/master/sprites/pokemon/other/official-artwork/744.png
745	745.webp	Lycanroc	Nintendo / Creatures Inc. / GAME FREAK inc.	PokeAPI	https://github.com/PokeAPI/sprites/blob/master/sprites/pokemon/other/official-artwork/745.png
746	746.webp	Wishiwashi	Nintendo / Creatures Inc. / GAME FREAK inc.	PokeAPI	https://github.com/PokeAPI/sprites/blob/master/sprites/pokemon/other/official-artwork/746.png
747	747.webp	Mareanie	Nintendo / Creatures Inc. / GAME FREAK inc.	PokeAPI	https://github.com/PokeAPI/sprites/blob/master/sprites/pokemon/other/official-artwork/747.png
748	748.webp	Toxapex	Nintendo / Creatures Inc. / GAME FREAK inc.	PokeAPI	https://github.com/PokeAPI/sprites/blob/master/sprites/pokemon/other/official-artwork/748.png
749	749.webp	Mudbray	Nintendo / Creatures Inc. / GAME FREAK inc.	PokeAPI	https://github.com/PokeAPI/sprites/blob/master/sprites/pokemon/other/official-artwork/749.png
750	750.webp	Mudsdale	Nintendo / Creatures Inc. / GAME FREAK inc.	PokeAPI	https://github.com/PokeAPI/sprites/blob/master/sprites/pokemon/other/official-artwork/750.png
751	751.webp	Dewpider	Nintendo / Creatures Inc. / GAME FREAK inc.	PokeAPI	https://github.com/PokeAPI/sprites/blob/master/sprites/pokemon/other/official-artwork/751.png
752	752.webp	Araquanid	Nintendo / Creatures Inc. / GAME FREAK inc.	PokeAPI	https://github.com/PokeAPI/sprites/blob/master/sprites/pokemon/other/official-artwork/752.png
753	753.webp	Fomantis	Nintendo / Creatures Inc. / GAME FREAK inc.	PokeAPI	https://github.com/PokeAPI/sprites/blob/master/sprites/pokemon/other/official-artwork/753.png
754	754.webp	Lurantis	Nintendo / Creatures Inc. / GAME FREAK inc.	PokeAPI	https://github.com/PokeAPI/sprites/blob/master/sprites/pokemon/other/official-artwork/754.png
755	755.webp	Morelull	Nintendo / Creatures Inc. / GAME FREAK inc.	PokeAPI	https://github.com/PokeAPI/sprites/blob/master/sprites/pokemon/other/official-artwork/755.png
756	756.webp	Shiinotic	Nintendo / Creatures Inc. / GAME FREAK inc.	PokeAPI	https://github.com/PokeAPI/sprites/blob/master/sprites/pokemon/other/official-artwork/756.png
757	757.webp	Salandit	Nintendo / Creatures Inc. / GAME FREAK inc.	PokeAPI	https://github.com/PokeAPI/sprites/blob/master/sprites/pokemon/other/official-artwork/757.png
758	758.webp	Salazzle	Nintendo / Creatures Inc. / GAME FREAK inc.	PokeAPI	https://github.com/PokeAPI/sprites/blob/master/sprites/pokemon/other/official-artwork/758.png
759	759.webp	Stufful	Nintendo / Creatures Inc. / GAME FREAK inc.	PokeAPI	https://github.com/PokeAPI/sprites/blob/master/sprites/pokemon/other/official-artwork/759.png
760	760.webp	Bewear	Nintendo / Creatures Inc. / GAME FREAK inc.	PokeAPI	https://github.com/PokeAPI/sprites/blob/master/sprites/pokemon/other/official-artwork/760.png
761	761.webp	Bounsweet	Nintendo / Creatures Inc. / GAME FREAK inc.	PokeAPI	https://github.com/PokeAPI/sprites/blob/master/sprites/pokemon/other/official-artwork/761.png
762	762.webp	Steenee	Nintendo / Creatures Inc. / GAME FREAK inc.	PokeAPI	https://github.com/PokeAPI/sprites/blob/master/sprites/pokemon/other/official-artwork/762.png
763	763.webp	Tsareena	Nintendo / Creatures Inc. / GAME FREAK inc.	PokeAPI	https://github.com/PokeAPI/sprites/blob/master/sprites/pokemon/other/official-artwork/763.png
764	764.webp	Comfey	Nintendo / Creatures Inc. / GAME FREAK inc.	PokeAPI	https://github.com/PokeAPI/sprites/blob/master/sprites/pokemon/other/official-artwork/764.png
765	765.webp	Oranguru	Nintendo / Creatures Inc. / GAME FREAK inc.	PokeAPI	https://github.com/PokeAPI/sprites/blob/master/sprites/pokemon/other/official-artwork/765.png
766	766.webp	Passimian	Nintendo / Creatures Inc. / GAME FREAK inc.	PokeAPI	https://github.com/PokeAPI/sprites/blob/master/sprites/pokemon/other/official-artwork/766.png
767	767.webp	Wimpod	Nintendo / Creatures Inc. / GAME FREAK inc.	PokeAPI	https://github.com/PokeAPI/sprites/blob/master/sprites/pokemon/other/official-artwork/767.png
768	768.webp	Golisopod	Nintendo / Creatures Inc. / GAME FREAK inc.	PokeAPI	https://github.com/PokeAPI/sprites/blob/master/sprites/pokemon/other/official-artwork/768.png
769	769.webp	Sandygast	Nintendo / Creatures Inc. / GAME FREAK inc.	PokeAPI	https://github.com/PokeAPI/sprites/blob/master/sprites/pokemon/other/official-artwork/769.png
770	770.webp	Palossand	Nintendo / Creatures Inc. / GAME FREAK inc.	PokeAPI	https://github.com/PokeAPI/sprites/blob/master/sprites/pokemon/other/official-artwork/770.png
771	771.webp	Pyukumuku	Nintendo / Creatures Inc. / GAME FREAK inc.	PokeAPI	https://github.com/PokeAPI/sprites/blob/master/sprites/pokemon/other/official-artwork/771.png
772	772.webp	Type: Null	Nintendo / Creatures Inc. / GAME FREAK inc.	PokeAPI	https://github.com/PokeAPI/sprites/blob/master/sprites/pokemon/other/official-artwork/772.png
773	773.webp	Silvally	Nintendo / Creatures Inc. / GAME FREAK inc.	PokeAPI	https://github.com/PokeAPI/sprites/blob/master/sprites/pokemon/other/official-artwork/773.png
774	774.webp	Minior	Nintendo / Creatures Inc. / GAME FREAK inc.	PokeAPI	https://github.com/PokeAPI/sprites/blob/master/sprites/pokemon/other/official-artwork/774.png
775	775.webp	Komala	Nintendo / Creatures Inc. / GAME FREAK inc.	PokeAPI	https://github.com/PokeAPI/sprites/blob/master/sprites/pokemon/other/official-artwork/775.png
776	776.webp	Turtonator	Nintendo / Creatures Inc. / GAME FREAK inc.	PokeAPI	https://github.com/PokeAPI/sprites/blob/master/sprites/pokemon/other/official-artwork/776.png
777	777.webp	Togedemaru	Nintendo / Creatures Inc. / GAME FREAK inc.	PokeAPI	https://github.com/PokeAPI/sprites/blob/master/sprites/pokemon/other/official-artwork/777.png
778	778.webp	Mimikyu	Nintendo / Creatures Inc. / GAME FREAK inc.	PokeAPI	https://github.com/PokeAPI/sprites/blob/master/sprites/pokemon/other/official-artwork/778.png
779	779.webp	Bruxish	Nintendo / Creatures Inc. / GAME FREAK inc.	PokeAPI	https://github.com/PokeAPI/sprites/blob/master/sprites/pokemon/other/official-artwork/779.png
780	780.webp	Drampa	Nintendo / Creatures Inc. / GAME FREAK inc.	PokeAPI	https://github.com/PokeAPI/sprites/blob/master/sprites/pokemon/other/official-artwork/780.png
781	781.webp	Dhelmise	Nintendo / Creatures Inc. / GAME FREAK inc.	PokeAPI	https://github.com/PokeAPI/sprites/blob/master/sprites/pokemon/other/official-artwork/781.png
782	782.webp	Jangmo-o	Nintendo / Creatures Inc. / GAME FREAK inc.	PokeAPI	https://github.com/PokeAPI/sprites/blob/master/sprites/pokemon/other/official-artwork/782.png
783	783.webp	Hakamo-o	Nintendo / Creatures Inc. / GAME FREAK inc.	PokeAPI	https://github.com/PokeAPI/sprites/blob/master/sprites/pokemon/other/official-artwork/783.png
784	784.webp	Kommo-o	Nintendo / Creatures Inc. / GAME FREAK inc.	PokeAPI	https://github.com/PokeAPI/sprites/blob/master/sprites/pokemon/other/official-artwork/784.png
785	785.webp	Tapu Koko	Nintendo / Creatures Inc. / GAME FREAK inc.	PokeAPI	https://github.com/PokeAPI/sprites/blob/master/sprites/pokemon/other/official-artwork/785.png
786	786.webp	Tapu Lele	Nintendo / Creatures Inc. / GAME FREAK inc.	PokeAPI	https://github.com/PokeAPI/sprites/blob/master/sprites/pokemon/other/official-artwork/786.png
787	787.webp	Tapu Bulu	Nintendo / Creatures Inc. / GAME FREAK inc.	PokeAPI	https://github.com/PokeAPI/sprites/blob/master/sprites/pokemon/other/official-artwork/787.png
788	788.webp	Tapu Fini	Nintendo / Creatures Inc. / GAME FREAK inc.	PokeAPI	https://github.com/PokeAPI/sprites/blob/master/sprites/pokemon/other/official-artwork/788.png
789	789.webp	Cosmog	Nintendo / Creatures Inc. / GAME FREAK inc.	PokeAPI	https://github.com/PokeAPI/sprites/blob/master/sprites/pokemon/other/official-artwork/789.png
790	790.webp	Cosmoem	Nintendo / Creatures Inc. / GAME FREAK inc.	PokeAPI	https://github.com/PokeAPI/sprites/blob/master/sprites/pokemon/other/official-artwork/790.png
791	791.webp	Solgaleo	Nintendo / Creatures Inc. / GAME FREAK inc.	PokeAPI	https://github.com/PokeAPI/sprites/blob/master/sprites/pokemon/other/official-artwork/791.png
792	792.webp	Lunala	Nintendo / Creatures Inc. / GAME FREAK inc.	PokeAPI	https://github.com/PokeAPI/sprites/blob/master/sprites/pokemon/other/official-artwork/792.png
793	793.webp	Nihilego	Nintendo / Creatures Inc. / GAME FREAK inc.	PokeAPI	https://github.com/PokeAPI/sprites/blob/master/sprites/pokemon/other/official-artwork/793.png
794	794.webp	Buzzwole	Nintendo / Creatures Inc. / GAME FREAK inc.	PokeAPI	https://github.com/PokeAPI/sprites/blob/master/sprites/pokemon/other/official-artwork/794.png
795	795.webp	Pheromosa	Nintendo / Creatures Inc. / GAME FREAK inc.	PokeAPI	https://github.com/PokeAPI/sprites/blob/master/sprites/pokemon/other/official-artwork/795.png
796	796.webp	Xurkitree	Nintendo / Creatures Inc. / GAME FREAK inc.	PokeAPI	https://github.com/PokeAPI/sprites/blob/master/sprites/pokemon/other/official-artwork/796.png
797	797.webp	Celesteela	Nintendo / Creatures Inc. / GAME FREAK inc.	PokeAPI	https://github.com/PokeAPI/sprites/blob/master/sprites/pokemon/other/official-artwork/797.png
798	798.webp	Kartana	Nintendo / Creatures Inc. / GAME FREAK inc.	PokeAPI	https://github.com/PokeAPI/sprites/blob/master/sprites/pokemon/other/official-artwork/798.png
799	799.webp	Guzzlord	Nintendo / Creatures Inc. / GAME FREAK inc.	PokeAPI	https://github.com/PokeAPI/sprites/blob/master/sprites/pokemon/other/official-artwork/799.png
800	800.webp	Necrozma	Nintendo / Creatures Inc. / GAME FREAK inc.	PokeAPI	https://github.com/PokeAPI/sprites/blob/master/sprites/pokemon/other/official-artwork/800.png
801	801.webp	Magearna	Nintendo / Creatures Inc. / GAME FREAK inc.	PokeAPI	https://github.com/PokeAPI/sprites/blob/master/sprites/pokemon/other/official-artwork/801.png
802	802.webp	Marshadow	Nintendo / Creatures Inc. / GAME FREAK inc.	PokeAPI	https://github.com/PokeAPI/sprites/blob/master/sprites/pokemon/other/official-artwork/802.png
803	803.webp	Poipole	Nintendo / Creatures Inc. / GAME FREAK inc.	PokeAPI	https://github.com/PokeAPI/sprites/blob/master/sprites/pokemon/other/official-artwork/803.png
804	804.webp	Naganadel	Nintendo / Creatures Inc. / GAME FREAK inc.	PokeAPI	https://github.com/PokeAPI/sprites/blob/master/sprites/pokemon/other/official-artwork/804.png
805	805.webp	Stakataka	Nintendo / Creatures Inc. / GAME FREAK inc.	PokeAPI	https://github.com/PokeAPI/sprites/blob/master/sprites/pokemon/other/official-artwork/805.png
806	806.webp	Blacephalon	Nintendo / Creatures Inc. / GAME FREAK inc.	PokeAPI	https://github.com/PokeAPI/sprites/blob/master/sprites/pokemon/other/official-artwork/806.png
807	807.webp	Zeraora	Nintendo / Creatures Inc. / GAME FREAK inc.	PokeAPI	https://github.com/PokeAPI/sprites/blob/master/sprites/pokemon/other/official-artwork/807.png
808	808.webp	Meltan	Nintendo / Creatures Inc. / GAME FREAK inc.	PokeAPI	https://github.com/PokeAPI/sprites/blob/master/sprites/pokemon/other/official-artwork/808.png
809	809.webp	Melmetal	Nintendo / Creatures Inc. / GAME FREAK inc.	PokeAPI	https://github.com/PokeAPI/sprites/blob/master/sprites/pokemon/other/official-artwork/809.png
810	810.webp	Grookey	Nintendo / Creatures Inc. / GAME FREAK inc.	PokeAPI	https://github.com/PokeAPI/sprites/blob/master/sprites/pokemon/other/official-artwork/810.png
811	811.webp	Thwackey	Nintendo / Creatures Inc. / GAME FREAK inc.	PokeAPI	https://github.com/PokeAPI/sprites/blob/master/sprites/pokemon/other/official-artwork/811.png
812	812.webp	Rillaboom	Nintendo / Creatures Inc. / GAME FREAK inc.	PokeAPI	https://github.com/PokeAPI/sprites/blob/master/sprites/pokemon/other/official-artwork/812.png
813	813.webp	Scorbunny	Nintendo / Creatures Inc. / GAME FREAK inc.	PokeAPI	https://github.com/PokeAPI/sprites/blob/master/sprites/pokemon/other/official-artwork/813.png
814	814.webp	Raboot	Nintendo / Creatures Inc. / GAME FREAK inc.	PokeAPI	https://github.com/PokeAPI/sprites/blob/master/sprites/pokemon/other/official-artwork/814.png
815	815.webp	Cinderace	Nintendo / Creatures Inc. / GAME FREAK inc.	PokeAPI	https://github.com/PokeAPI/sprites/blob/master/sprites/pokemon/other/official-artwork/815.png
816	816.webp	Sobble	Nintendo / Creatures Inc. / GAME FREAK inc.	PokeAPI	https://github.com/PokeAPI/sprites/blob/master/sprites/pokemon/other/official-artwork/816.png
817	817.webp	Drizzile	Nintendo / Creatures Inc. / GAME FREAK inc.	PokeAPI	https://github.com/PokeAPI/sprites/blob/master/sprites/pokemon/other/official-artwork/817.png
818	818.webp	Inteleon	Nintendo / Creatures Inc. / GAME FREAK inc.	PokeAPI	https://github.com/PokeAPI/sprites/blob/master/sprites/pokemon/other/official-artwork/818.png
819	819.webp	Skwovet	Nintendo / Creatures Inc. / GAME FREAK inc.	PokeAPI	https://github.com/PokeAPI/sprites/blob/master/sprites/pokemon/other/official-artwork/819.png
820	820.webp	Greedent	Nintendo / Creatures Inc. / GAME FREAK inc.	PokeAPI	https://github.com/PokeAPI/sprites/blob/master/sprites/pokemon/other/official-artwork/820.png
821	821.webp	Rookidee	Nintendo / Creatures Inc. / GAME FREAK inc.	PokeAPI	https://github.com/PokeAPI/sprites/blob/master/sprites/pokemon/other/official-artwork/821.png
822	822.webp	Corvisquire	Nintendo / Creatures Inc. / GAME FREAK inc.	PokeAPI	https://github.com/PokeAPI/sprites/blob/master/sprites/pokemon/other/official-artwork/822.png
823	823.webp	Corviknight	Nintendo / Creatures Inc. / GAME FREAK inc.	PokeAPI	https://github.com/PokeAPI/sprites/blob/master/sprites/pokemon/other/official-artwork/823.png
824	824.webp	Blipbug	Nintendo / Creatures Inc. / GAME FREAK inc.	PokeAPI	https://github.com/PokeAPI/sprites/blob/master/sprites/pokemon/other/official-artwork/824.png
825	825.webp	Dottler	Nintendo / Creatures Inc. / GAME FREAK inc.	PokeAPI	https://github.com/PokeAPI/sprites/blob/master/sprites/pokemon/other/official-artwork/825.png
826	826.webp	Orbeetle	Nintendo / Creatures Inc. / GAME FREAK inc.	PokeAPI	https://github.com/PokeAPI/sprites/blob/master/sprites/pokemon/other/official-artwork/826.png
827	827.webp	Nickit	Nintendo / Creatures Inc. / GAME FREAK inc.	PokeAPI	https://github.com/PokeAPI/sprites/blob/master/sprites/pokemon/other/official-artwork/827.png
828	828.webp	Thievul	Nintendo / Creatures Inc. / GAME FREAK inc.	PokeAPI	https://github.com/PokeAPI/sprites/blob/master/sprites/pokemon/other/official-artwork/828.png
829	829.webp	Gossifleur	Nintendo / Creatures Inc. / GAME FREAK inc.	PokeAPI	https://github.com/PokeAPI/sprites/blob/master/sprites/pokemon/other/official-artwork/829.png
830	830.webp	Eldegoss	Nintendo / Creatures Inc. / GAME FREAK inc.	PokeAPI	https://github.com/PokeAPI/sprites/blob/master/sprites/pokemon/other/official-artwork/830.png
831	831.webp	Wooloo	Nintendo / Creatures Inc. / GAME FREAK inc.	PokeAPI	https://github.com/PokeAPI/sprites/blob/master/sprites/pokemon/other/official-artwork/831.png
832	832.webp	Dubwool	Nintendo / Creatures Inc. / GAME FREAK inc.	PokeAPI	https://github.com/PokeAPI/sprites/blob/master/sprites/pokemon/other/official-artwork/832.png
833	833.webp	Chewtle	Nintendo / Creatures Inc. / GAME FREAK inc.	PokeAPI	https://github.com/PokeAPI/sprites/blob/master/sprites/pokemon/other/official-artwork/833.png
834	834.webp	Drednaw	Nintendo / Creatures Inc. / GAME FREAK inc.	PokeAPI	https://github.com/PokeAPI/sprites/blob/master/sprites/pokemon/other/official-artwork/834.png
835	835.webp	Yamper	Nintendo / Creatures Inc. / GAME FREAK inc.	PokeAPI	https://github.com/PokeAPI/sprites/blob/master/sprites/pokemon/other/official-artwork/835.png
836	836.webp	Boltund	Nintendo / Creatures Inc. / GAME FREAK inc.	PokeAPI	https://github.com/PokeAPI/sprites/blob/master/sprites/pokemon/other/official-artwork/836.png
837	837.webp	Rolycoly	Nintendo / Creatures Inc. / GAME FREAK inc.	PokeAPI	https://github.com/PokeAPI/sprites/blob/master/sprites/pokemon/other/official-artwork/837.png
838	838.webp	Carkol	Nintendo / Creatures Inc. / GAME FREAK inc.	PokeAPI	https://github.com/PokeAPI/sprites/blob/master/sprites/pokemon/other/official-artwork/838.png
839	839.webp	Coalossal	Nintendo / Creatures Inc. / GAME FREAK inc.	PokeAPI	https://github.com/PokeAPI/sprites/blob/master/sprites/pokemon/other/official-artwork/839.png
840	840.webp	Applin	Nintendo / Creatures Inc. / GAME FREAK inc.	PokeAPI	https://github.com/PokeAPI/sprites/blob/master/sprites/pokemon/other/official-artwork/840.png
841	841.webp	Flapple	Nintendo / Creatures Inc. / GAME FREAK inc.	PokeAPI	https://github.com/PokeAPI/sprites/blob/master/sprites/pokemon/other/official-artwork/841.png
842	842.webp	Appletun	Nintendo / Creatures Inc. / GAME FREAK inc.	PokeAPI	https://github.com/PokeAPI/sprites/blob/master/sprites/pokemon/other/official-artwork/842.png
843	843.webp	Silicobra	Nintendo / Creatures Inc. / GAME FREAK inc.	PokeAPI	https://github.com/PokeAPI/sprites/blob/master/sprites/pokemon/other/official-artwork/843.png
844	844.webp	Sandaconda	Nintendo / Creatures Inc. / GAME FREAK inc.	PokeAPI	https://github.com/PokeAPI/sprites/blob/master/sprites/pokemon/other/official-artwork/844.png
845	845.webp	Cramorant	Nintendo / Creatures Inc. / GAME FREAK inc.	PokeAPI	https://github.com/PokeAPI/sprites/blob/master/sprites/pokemon/other/official-artwork/845.png
846	846.webp	Arrokuda	Nintendo / Creatures Inc. / GAME FREAK inc.	PokeAPI	https://github.com/PokeAPI/sprites/blob/master/sprites/pokemon/other/official-artwork/846.png
847	847.webp	Barraskewda	Nintendo / Creatures Inc. / GAME FREAK inc.	PokeAPI	https://github.com/PokeAPI/sprites/blob/master/sprites/pokemon/other/official-artwork/847.png
848	848.webp	Toxel	Nintendo / Creatures Inc. / GAME FREAK inc.	PokeAPI	https://github.com/PokeAPI/sprites/blob/master/sprites/pokemon/other/official-artwork/848.png
849	849.webp	Toxtricity	Nintendo / Creatures Inc. / GAME FREAK inc.	PokeAPI	https://github.com/PokeAPI/sprites/blob/master/sprites/pokemon/other/official-artwork/849.png
850	850.webp	Sizzlipede	Nintendo / Creatures Inc. / GAME FREAK inc.	PokeAPI	https://github.com/PokeAPI/sprites/blob/master/sprites/pokemon/other/official-artwork/850.png
851	851.webp	Centiskorch	Nintendo / Creatures Inc. / GAME FREAK inc.	PokeAPI	https://github.com/PokeAPI/sprites/blob/master/sprites/pokemon/other/official-artwork/851.png
852	852.webp	Clobbopus	Nintendo / Creatures Inc. / GAME FREAK inc.	PokeAPI	https://github.com/PokeAPI/sprites/blob/master/sprites/pokemon/other/official-artwork/852.png
853	853.webp	Grapploct	Nintendo / Creatures Inc. / GAME FREAK inc.	PokeAPI	https://github.com/PokeAPI/sprites/blob/master/sprites/pokemon/other/official-artwork/853.png
854	854.webp	Sinistea	Nintendo / Creatures Inc. / GAME FREAK inc.	PokeAPI	https://github.com/PokeAPI/sprites/blob/master/sprites/pokemon/other/official-artwork/854.png
855	855.webp	Polteageist	Nintendo / Creatures Inc. / GAME FREAK inc.	PokeAPI	https://github.com/PokeAPI/sprites/blob/master/sprites/pokemon/other/official-artwork/855.png
856	856.webp	Hatenna	Nintendo / Creatures Inc. / GAME FREAK inc.	PokeAPI	https://github.com/PokeAPI/sprites/blob/master/sprites/pokemon/other/official-artwork/856.png
857	857.webp	Hattrem	Nintendo / Creatures Inc. / GAME FREAK inc.	PokeAPI	https://github.com/PokeAPI/sprites/blob/master/sprites/pokemon/other/official-artwork/857.png
858	858.webp	Hatterene	Nintendo / Creatures Inc. / GAME FREAK inc.	PokeAPI	https://github.com/PokeAPI/sprites/blob/master/sprites/pokemon/other/official-artwork/858.png
859	859.webp	Impidimp	Nintendo / Creatures Inc. / GAME FREAK inc.	PokeAPI	https://github.com/PokeAPI/sprites/blob/master/sprites/pokemon/other/official-artwork/859.png
860	860.webp	Morgrem	Nintendo / Creatures Inc. / GAME FREAK inc.	PokeAPI	https://github.com/PokeAPI/sprites/blob/master/sprites/pokemon/other/official-artwork/860.png
861	861.webp	Grimmsnarl	Nintendo / Creatures Inc. / GAME FREAK inc.	PokeAPI	https://github.com/PokeAPI/sprites/blob/master/sprites/pokemon/other/official-artwork/861.png
862	862.webp	Obstagoon	Nintendo / Creatures Inc. / GAME FREAK inc.	PokeAPI	https://github.com/PokeAPI/sprites/blob/master/sprites/pokemon/other/official-artwork/862.png
863	863.webp	Perrserker	Nintendo / Creatures Inc. / GAME FREAK inc.	PokeAPI	https://github.com/PokeAPI/sprites/blob/master/sprites/pokemon/other/official-artwork/863.png
864	864.webp	Cursola	Nintendo / Creatures Inc. / GAME FREAK inc.	PokeAPI	https://github.com/PokeAPI/sprites/blob/master/sprites/pokemon/other/official-artwork/864.png
865	865.webp	Sirfetch'd	Nintendo / Creatures Inc. / GAME FREAK inc.	PokeAPI	https://github.com/PokeAPI/sprites/blob/master/sprites/pokemon/other/official-artwork/865.png
866	866.webp	Mr. Rime	Nintendo / Creatures Inc. / GAME FREAK inc.	PokeAPI	https://github.com/PokeAPI/sprites/blob/master/sprites/pokemon/other/official-artwork/866.png
867	867.webp	Runerigus	Nintendo / Creatures Inc. / GAME FREAK inc.	PokeAPI	https://github.com/PokeAPI/sprites/blob/master/sprites/pokemon/other/official-artwork/867.png
868	868.webp	Milcery	Nintendo / Creatures Inc. / GAME FREAK inc.	PokeAPI	https://github.com/PokeAPI/sprites/blob/master/sprites/pokemon/other/official-artwork/868.png
869	869.webp	Alcremie	Nintendo / Creatures Inc. / GAME FREAK inc.	PokeAPI	https://github.com/PokeAPI/sprites/blob/master/sprites/pokemon/other/official-artwork/869.png
870	870.webp	Falinks	Nintendo / Creatures Inc. / GAME FREAK inc.	PokeAPI	https://github.com/PokeAPI/sprites/blob/master/sprites/pokemon/other/official-artwork/870.png
871	871.webp	Pincurchin	Nintendo / Creatures Inc. / GAME FREAK inc.	PokeAPI	https://github.com/PokeAPI/sprites/blob/master/sprites/pokemon/other/official-artwork/871.png
872	872.webp	Snom	Nintendo / Creatures Inc. / GAME FREAK inc.	PokeAPI	https://github.com/PokeAPI/sprites/blob/master/sprites/pokemon/other/official-artwork/872.png
873	873.webp	Frosmoth	Nintendo / Creatures Inc. / GAME FREAK inc.	PokeAPI	https://github.com/PokeAPI/sprites/blob/master/sprites/pokemon/other/official-artwork/873.png
874	874.webp	Stonjourner	Nintendo / Creatures Inc. / GAME FREAK inc.	PokeAPI	https://github.com/PokeAPI/sprites/blob/master/sprites/pokemon/other/official-artwork/874.png
875	875.webp	Eiscue	Nintendo / Creatures Inc. / GAME FREAK inc.	PokeAPI	https://github.com/PokeAPI/sprites/blob/master/sprites/pokemon/other/official-artwork/875.png
876	876.webp	Indeedee	Nintendo / Creatures Inc. / GAME FREAK inc.	PokeAPI	https://github.com/PokeAPI/sprites/blob/master/sprites/pokemon/other/official-artwork/876.png
877	877.webp	Morpeko	Nintendo / Creatures Inc. / GAME FREAK inc.	PokeAPI	https://github.com/PokeAPI/sprites/blob/master/sprites/pokemon/other/official-artwork/877.png
878	878.webp	Cufant	Nintendo / Creatures Inc. / GAME FREAK inc.	PokeAPI	https://github.com/PokeAPI/sprites/blob/master/sprites/pokemon/other/official-artwork/878.png
879	879.webp	Copperajah	Nintendo / Creatures Inc. / GAME FREAK inc.	PokeAPI	https://github.com/PokeAPI/sprites/blob/master/sprites/pokemon/other/official-artwork/879.png
880	880.webp	Dracozolt	Nintendo / Creatures Inc. / GAME FREAK inc.	PokeAPI	https://github.com/PokeAPI/sprites/blob/master/sprites/pokemon/other/official-artwork/880.png
881	881.webp	Arctozolt	Nintendo / Creatures Inc. / GAME FREAK inc.	PokeAPI	https://github.com/PokeAPI/sprites/blob/master/sprites/pokemon/other/official-artwork/881.png
882	882.webp	Dracovish	Nintendo / Creatures Inc. / GAME FREAK inc.	PokeAPI	https://github.com/PokeAPI/sprites/blob/master/sprites/pokemon/other/official-artwork/882.png
883	883.webp	Arctovish	Nintendo / Creatures Inc. / GAME FREAK inc.	PokeAPI	https://github.com/PokeAPI/sprites/blob/master/sprites/pokemon/other/official-artwork/883.png
884	884.webp	Duraludon	Nintendo / Creatures Inc. / GAME FREAK inc.	PokeAPI	https://github.com/PokeAPI/sprites/blob/master/sprites/pokemon/other/official-artwork/884.png
885	885.webp	Dreepy	Nintendo / Creatures Inc. / GAME FREAK inc.	PokeAPI	https://github.com/PokeAPI/sprites/blob/master/sprites/pokemon/other/official-artwork/885.png
886	886.webp	Drakloak	Nintendo / Creatures Inc. / GAME FREAK inc.	PokeAPI	https://github.com/PokeAPI/sprites/blob/master/sprites/pokemon/other/official-artwork/886.png
887	887.webp	Dragapult	Nintendo / Creatures Inc. / GAME FREAK inc.	PokeAPI	https://github.com/PokeAPI/sprites/blob/master/sprites/pokemon/other/official-artwork/887.png
888	888.webp	Zacian	Nintendo / Creatures Inc. / GAME FREAK inc.	PokeAPI	https://github.com/PokeAPI/sprites/blob/master/sprites/pokemon/other/official-artwork/888.png
889	889.webp	Zamazenta	Nintendo / Creatures Inc. / GAME FREAK inc.	PokeAPI	https://github.com/PokeAPI/sprites/blob/master/sprites/pokemon/other/official-artwork/889.png
890	890.webp	Eternatus	Nintendo / Creatures Inc. / GAME FREAK inc.	PokeAPI	https://github.com/PokeAPI/sprites/blob/master/sprites/pokemon/other/official-artwork/890.png
891	891.webp	Kubfu	Nintendo / Creatures Inc. / GAME FREAK inc.	PokeAPI	https://github.com/PokeAPI/sprites/blob/master/sprites/pokemon/other/official-artwork/891.png
892	892.webp	Urshifu	Nintendo / Creatures Inc. / GAME FREAK inc.	PokeAPI	https://github.com/PokeAPI/sprites/blob/master/sprites/pokemon/other/official-artwork/892.png
893	893.webp	Zarude	Nintendo / Creatures Inc. / GAME FREAK inc.	PokeAPI	https://github.com/PokeAPI/sprites/blob/master/sprites/pokemon/other/official-artwork/893.png
894	894.webp	Regieleki	Nintendo / Creatures Inc. / GAME FREAK inc.	PokeAPI	https://github.com/PokeAPI/sprites/blob/master/sprites/pokemon/other/official-artwork/894.png
895	895.webp	Regidrago	Nintendo / Creatures Inc. / GAME FREAK inc.	PokeAPI	https://github.com/PokeAPI/sprites/blob/master/sprites/pokemon/other/official-artwork/895.png
896	896.webp	Glastrier	Nintendo / Creatures Inc. / GAME FREAK inc.	PokeAPI	https://github.com/PokeAPI/sprites/blob/master/sprites/pokemon/other/official-artwork/896.png
897	897.webp	Spectrier	Nintendo / Creatures Inc. / GAME FREAK inc.	PokeAPI	https://github.com/PokeAPI/sprites/blob/master/sprites/pokemon/other/official-artwork/897.png
898	898.webp	Calyrex	Nintendo / Creatures Inc. / GAME FREAK inc.	PokeAPI	https://github.com/PokeAPI/sprites/blob/master/sprites/pokemon/other/official-artwork/898.png
899	899.webp	Wyrdeer	Nintendo / Creatures Inc. / GAME FREAK inc.	PokeAPI	https://github.com/PokeAPI/sprites/blob/master/sprites/pokemon/other/official-artwork/899.png
900	900.webp	Kleavor	Nintendo / Creatures Inc. / GAME FREAK inc.	PokeAPI	https://github.com/PokeAPI/sprites/blob/master/sprites/pokemon/other/official-artwork/900.png
901	901.webp	Ursaluna	Nintendo / Creatures Inc. / GAME FREAK inc.	PokeAPI	https://github.com/PokeAPI/sprites/blob/master/sprites/pokemon/other/official-artwork/901.png
902	902.webp	Basculegion	Nintendo / Creatures Inc. / GAME FREAK inc.	PokeAPI	https://github.com/PokeAPI/sprites/blob/master/sprites/pokemon/other/official-artwork/902.png
903	903.webp	Sneasler	Nintendo / Creatures Inc. / GAME FREAK inc.	PokeAPI	https://github.com/PokeAPI/sprites/blob/master/sprites/pokemon/other/official-artwork/903.png
904	904.webp	Overqwil	Nintendo / Creatures Inc. / GAME FREAK inc.	PokeAPI	https://github.com/PokeAPI/sprites/blob/master/sprites/pokemon/other/official-artwork/904.png
905	905.webp	Enamorus	Nintendo / Creatures Inc. / GAME FREAK inc.	PokeAPI	https://github.com/PokeAPI/sprites/blob/master/sprites/pokemon/other/official-artwork/905.png
906	906.webp	Sprigatito	Nintendo / Creatures Inc. / GAME FREAK inc.	PokeAPI	https://github.com/PokeAPI/sprites/blob/master/sprites/pokemon/other/official-artwork/906.png
907	907.webp	Floragato	Nintendo / Creatures Inc. / GAME FREAK inc.	PokeAPI	https://github.com/PokeAPI/sprites/blob/master/sprites/pokemon/other/official-artwork/907.png
908	908.webp	Meowscarada	Nintendo / Creatures Inc. / GAME FREAK inc.	PokeAPI	https://github.com/PokeAPI/sprites/blob/master/sprites/pokemon/other/official-artwork/908.png
909	909.webp	Fuecoco	Nintendo / Creatures Inc. / GAME FREAK inc.	PokeAPI	https://github.com/PokeAPI/sprites/blob/master/sprites/pokemon/other/official-artwork/909.png
910	910.webp	Crocalor	Nintendo / Creatures Inc. / GAME FREAK inc.	PokeAPI	https://github.com/PokeAPI/sprites/blob/master/sprites/pokemon/other/official-artwork/910.png
911	911.webp	Skeledirge	Nintendo / Creatures Inc. / GAME FREAK inc.	PokeAPI	https://github.com/PokeAPI/sprites/blob/master/sprites/pokemon/other/official-artwork/911.png
912	912.webp	Quaxly	Nintendo / Creatures Inc. / GAME FREAK inc.	PokeAPI	https://github.com/PokeAPI/sprites/blob/master/sprites/pokemon/other/official-artwork/912.png
913	913.webp	Quaxwell	Nintendo / Creatures Inc. / GAME FREAK inc.	PokeAPI	https://github.com/PokeAPI/sprites/blob/master/sprites/pokemon/other/official-artwork/913.png
914	914.webp	Quaquaval	Nintendo / Creatures Inc. / GAME FREAK inc.	PokeAPI	https://github.com/PokeAPI/sprites/blob/master/sprites/pokemon/other/official-artwork/914.png
915	915.webp	Lechonk	Nintendo / Creatures Inc. / GAME FREAK inc.	PokeAPI	https://github.com/PokeAPI/sprites/blob/master/sprites/pokemon/other/official-artwork/915.png
916	916.webp	Oinkologne	Nintendo / Creatures Inc. / GAME FREAK inc.	PokeAPI	https://github.com/PokeAPI/sprites/blob/master/sprites/pokemon/other/official-artwork/916.png
917	917.webp	Tarountula	Nintendo / Creatures Inc. / GAME FREAK inc.	PokeAPI	https://github.com/PokeAPI/sprites/blob/master/sprites/pokemon/other/official-artwork/917.png
918	918.webp	Spidops	Nintendo / Creatures Inc. / GAME FREAK inc.	PokeAPI	https://github.com/PokeAPI/sprites/blob/master/sprites/pokemon/other/official-artwork/918.png
919	919.webp	Nymble	Nintendo / Creatures Inc. / GAME FREAK inc.	PokeAPI	https://github.com/PokeAPI/sprites/blob/master/sprites/pokemon/other/official-artwork/919.png
920	920.webp	Lokix	Nintendo / Creatures Inc. / GAME FREAK inc.	PokeAPI	https://github.com/PokeAPI/sprites/blob/master/sprites/pokemon/other/official-artwork/920.png
921	921.webp	Pawmi	Nintendo / Creatures Inc. / GAME FREAK inc.	PokeAPI	https://github.com/PokeAPI/sprites/blob/master/sprites/pokemon/other/official-artwork/921.png
922	922.webp	Pawmo	Nintendo / Creatures Inc. / GAME FREAK inc.	PokeAPI	https://github.com/PokeAPI/sprites/blob/master/sprites/pokemon/other/official-artwork/922.png
923	923.webp	Pawmot	Nintendo / Creatures Inc. / GAME FREAK inc.	PokeAPI	https://github.com/PokeAPI/sprites/blob/master/sprites/pokemon/other/official-artwork/923.png
924	924.webp	Tandemaus	Nintendo / Creatures Inc. / GAME FREAK inc.	PokeAPI	https://github.com/PokeAPI/sprites/blob/master/sprites/pokemon/other/official-artwork/924.png
925	925.webp	Maushold	Nintendo / Creatures Inc. / GAME FREAK inc.	PokeAPI	https://github.com/PokeAPI/sprites/blob/master/sprites/pokemon/other/official-artwork/925.png
926	926.webp	Fidough	Nintendo / Creatures Inc. / GAME FREAK inc.	PokeAPI	https://github.com/PokeAPI/sprites/blob/master/sprites/pokemon/other/official-artwork/926.png
927	927.webp	Dachsbun	Nintendo / Creatures Inc. / GAME FREAK inc.	PokeAPI	https://github.com/PokeAPI/sprites/blob/master/sprites/pokemon/other/official-artwork/927.png
928	928.webp	Smoliv	Nintendo / Creatures Inc. / GAME FREAK inc.	PokeAPI	https://github.com/PokeAPI/sprites/blob/master/sprites/pokemon/other/official-artwork/928.png
929	929.webp	Dolliv	Nintendo / Creatures Inc. / GAME FREAK inc.	PokeAPI	https://github.com/PokeAPI/sprites/blob/master/sprites/pokemon/other/official-artwork/929.png
930	930.webp	Arboliva	Nintendo / Creatures Inc. / GAME FREAK inc.	PokeAPI	https://github.com/PokeAPI/sprites/blob/master/sprites/pokemon/other/official-artwork/930.png
931	931.webp	Squawkabilly	Nintendo / Creatures Inc. / GAME FREAK inc.	PokeAPI	https://github.com/PokeAPI/sprites/blob/master/sprites/pokemon/other/official-artwork/931.png
932	932.webp	Nacli	Nintendo / Creatures Inc. / GAME FREAK inc.	PokeAPI	https://github.com/PokeAPI/sprites/blob/master/sprites/pokemon/other/official-artwork/932.png
933	933.webp	Naclstack	Nintendo / Creatures Inc. / GAME FREAK inc.	PokeAPI	https://github.com/PokeAPI/sprites/blob/master/sprites/pokemon/other/official-artwork/933.png
934	934.webp	Garganacl	Nintendo / Creatures Inc. / GAME FREAK inc.	PokeAPI	https://github.com/PokeAPI/sprites/blob/master/sprites/pokemon/other/official-artwork/934.png
935	935.webp	Charcadet	Nintendo / Creatures Inc. / GAME FREAK inc.	PokeAPI	https://github.com/PokeAPI/sprites/blob/master/sprites/pokemon/other/official-artwork/935.png
936	936.webp	Armarouge	Nintendo / Creatures Inc. / GAME FREAK inc.	PokeAPI	https://github.com/PokeAPI/sprites/blob/master/sprites/pokemon/other/official-artwork/936.png
937	937.webp	Ceruledge	Nintendo / Creatures Inc. / GAME FREAK inc.	PokeAPI	https://github.com/PokeAPI/sprites/blob/master/sprites/pokemon/other/official-artwork/937.png
938	938.webp	Tadbulb	Nintendo / Creatures Inc. / GAME FREAK inc.	PokeAPI	https://github.com/PokeAPI/sprites/blob/master/sprites/pokemon/other/official-artwork/938.png
939	939.webp	Bellibolt	Nintendo / Creatures Inc. / GAME FREAK inc.	PokeAPI	https://github.com/PokeAPI/sprites/blob/master/sprites/pokemon/other/official-artwork/939.png
940	940.webp	Wattrel	Nintendo / Creatures Inc. / GAME FREAK inc.	PokeAPI	https://github.com/PokeAPI/sprites/blob/master/sprites/pokemon/other/official-artwork/940.png
941	941.webp	Kilowattrel	Nintendo / Creatures Inc. / GAME FREAK inc.	PokeAPI	https://github.com/PokeAPI/sprites/blob/master/sprites/pokemon/other/official-artwork/941.png
942	942.webp	Maschiff	Nintendo / Creatures Inc. / GAME FREAK inc.	PokeAPI	https://github.com/PokeAPI/sprites/blob/master/sprites/pokemon/other/official-artwork/942.png
943	943.webp	Mabosstiff	Nintendo / Creatures Inc. / GAME FREAK inc.	PokeAPI	https://github.com/PokeAPI/sprites/blob/master/sprites/pokemon/other/official-artwork/943.png
944	944.webp	Shroodle	Nintendo / Creatures Inc. / GAME FREAK inc.	PokeAPI	https://github.com/PokeAPI/sprites/blob/master/sprites/pokemon/other/official-artwork/944.png
945	945.webp	Grafaiai	Nintendo / Creatures Inc. / GAME FREAK inc.	PokeAPI	https://github.com/PokeAPI/sprites/blob/master/sprites/pokemon/other/official-artwork/945.png
946	946.webp	Bramblin	Nintendo / Creatures Inc. / GAME FREAK inc.	PokeAPI	https://github.com/PokeAPI/sprites/blob/master/sprites/pokemon/other/official-artwork/946.png
947	947.webp	Brambleghast	Nintendo / Creatures Inc. / GAME FREAK inc.	PokeAPI	https://github.com/PokeAPI/sprites/blob/master/sprites/pokemon/other/official-artwork/947.png
948	948.webp	Toedscool	Nintendo / Creatures Inc. / GAME FREAK inc.	PokeAPI	https://github.com/PokeAPI/sprites/blob/master/sprites/pokemon/other/official-artwork/948.png
949	949.webp	Toedscruel	Nintendo / Creatures Inc. / GAME FREAK inc.	PokeAPI	https://github.com/PokeAPI/sprites/blob/master/sprites/pokemon/other/official-artwork/949.png
950	950.webp	Klawf	Nintendo / Creatures Inc. / GAME FREAK inc.	PokeAPI	https://github.com/PokeAPI/sprites/blob/master/sprites/pokemon/other/official-artwork/950.png
951	951.webp	Capsakid	Nintendo / Creatures Inc. / GAME FREAK inc.	PokeAPI	https://github.com/PokeAPI/sprites/blob/master/sprites/pokemon/other/official-artwork/951.png
952	952.webp	Scovillain	Nintendo / Creatures Inc. / GAME FREAK inc.	PokeAPI	https://github.com/PokeAPI/sprites/blob/master/sprites/pokemon/other/official-artwork/952.png
953	953.webp	Rellor	Nintendo / Creatures Inc. / GAME FREAK inc.	PokeAPI	https://github.com/PokeAPI/sprites/blob/master/sprites/pokemon/other/official-artwork/953.png
954	954.webp	Rabsca	Nintendo / Creatures Inc. / GAME FREAK inc.	PokeAPI	https://github.com/PokeAPI/sprites/blob/master/sprites/pokemon/other/official-artwork/954.png
955	955.webp	Flittle	Nintendo / Creatures Inc. / GAME FREAK inc.	PokeAPI	https://github.com/PokeAPI/sprites/blob/master/sprites/pokemon/other/official-artwork/955.png
956	956.webp	Espathra	Nintendo / Creatures Inc. / GAME FREAK inc.	PokeAPI	https://github.com/PokeAPI/sprites/blob/master/sprites/pokemon/other/official-artwork/956.png
957	957.webp	Tinkatink	Nintendo / Creatures Inc. / GAME FREAK inc.	PokeAPI	https://github.com/PokeAPI/sprites/blob/master/sprites/pokemon/other/official-artwork/957.png
958	958.webp	Tinkatuff	Nintendo / Creatures Inc. / GAME FREAK inc.	PokeAPI	https://github.com/PokeAPI/sprites/blob/master/sprites/pokemon/other/official-artwork/958.png
959	959.webp	Tinkaton	Nintendo / Creatures Inc. / GAME FREAK inc.	PokeAPI	https://github.com/PokeAPI/sprites/blob/master/sprites/pokemon/other/official-artwork/959.png
960	960.webp	Wiglett	Nintendo / Creatures Inc. / GAME FREAK inc.	PokeAPI	https://github.com/PokeAPI/sprites/blob/master/sprites/pokemon/other/official-artwork/960.png
961	961.webp	Wugtrio	Nintendo / Creatures Inc. / GAME FREAK inc.	PokeAPI	https://github.com/PokeAPI/sprites/blob/master/sprites/pokemon/other/official-artwork/961.png
962	962.webp	Bombirdier	Nintendo / Creatures Inc. / GAME FREAK inc.	PokeAPI	https://github.com/PokeAPI/sprites/blob/master/sprites/pokemon/other/official-artwork/962.png
963	963.webp	Finizen	Nintendo / Creatures Inc. / GAME FREAK inc.	PokeAPI	https://github.com/PokeAPI/sprites/blob/master/sprites/pokemon/other/official-artwork/963.png
964	964.webp	Palafin	Nintendo / Creatures Inc. / GAME FREAK inc.	PokeAPI	https://github.com/PokeAPI/sprites/blob/master/sprites/pokemon/other/official-artwork/964.png
965	965.webp	Varoom	Nintendo / Creatures Inc. / GAME FREAK inc.	PokeAPI	https://github.com/PokeAPI/sprites/blob/master/sprites/pokemon/other/official-artwork/965.png
966	966.webp	Revavroom	Nintendo / Creatures Inc. / GAME FREAK inc.	PokeAPI	https://github.com/PokeAPI/sprites/blob/master/sprites/pokemon/other/official-artwork/966.png
967	967.webp	Cyclizar	Nintendo / Creatures Inc. / GAME FREAK inc.	PokeAPI	https://github.com/PokeAPI/sprites/blob/master/sprites/pokemon/other/official-artwork/967.png
968	968.webp	Orthworm	Nintendo / Creatures Inc. / GAME FREAK inc.	PokeAPI	https://github.com/PokeAPI/sprites/blob/master/sprites/pokemon/other/official-artwork/968.png
969	969.webp	Glimmet	Nintendo / Creatures Inc. / GAME FREAK inc.	PokeAPI	https://github.com/PokeAPI/sprites/blob/master/sprites/pokemon/other/official-artwork/969.png
970	970.webp	Glimmora	Nintendo / Creatures Inc. / GAME FREAK inc.	PokeAPI	https://github.com/PokeAPI/sprites/blob/master/sprites/pokemon/other/official-artwork/970.png
971	971.webp	Greavard	Nintendo / Creatures Inc. / GAME FREAK inc.	PokeAPI	https://github.com/PokeAPI/sprites/blob/master/sprites/pokemon/other/official-artwork/971.png
972	972.webp	Houndstone	Nintendo / Creatures Inc. / GAME FREAK inc.	PokeAPI	https://github.com/PokeAPI/sprites/blob/master/sprites/pokemon/other/official-artwork/972.png
973	973.webp	Flamigo	Nintendo / Creatures Inc. / GAME FREAK inc.	PokeAPI	https://github.com/PokeAPI/sprites/blob/master/sprites/pokemon/other/official-artwork/973.png
974	974.webp	Cetoddle	Nintendo / Creatures Inc. / GAME FREAK inc.	PokeAPI	https://github.com/PokeAPI/sprites/blob/master/sprites/pokemon/other/official-artwork/974.png
975	975.webp	Cetitan	Nintendo / Creatures Inc. / GAME FREAK inc.	PokeAPI	https://github.com/PokeAPI/sprites/blob/master/sprites/pokemon/other/official-artwork/975.png
976	976.webp	Veluza	Nintendo / Creatures Inc. / GAME FREAK inc.	PokeAPI	https://github.com/PokeAPI/sprites/blob/master/sprites/pokemon/other/official-artwork/976.png
977	977.webp	Dondozo	Nintendo / Creatures Inc. / GAME FREAK inc.	PokeAPI	https://github.com/PokeAPI/sprites/blob/master/sprites/pokemon/other/official-artwork/977.png
978	978.webp	Tatsugiri	Nintendo / Creatures Inc. / GAME FREAK inc.	PokeAPI	https://github.com/PokeAPI/sprites/blob/master/sprites/pokemon/other/official-artwork/978.png
979	979.webp	Annihilape	Nintendo / Creatures Inc. / GAME FREAK inc.	PokeAPI	https://github.com/PokeAPI/sprites/blob/master/sprites/pokemon/other/official-artwork/979.png
980	980.webp	Clodsire	Nintendo / Creatures Inc. / GAME FREAK inc.	PokeAPI	https://github.com/PokeAPI/sprites/blob/master/sprites/pokemon/other/official-artwork/980.png
981	981.webp	Farigiraf	Nintendo / Creatures Inc. / GAME FREAK inc.	PokeAPI	https://github.com/PokeAPI/sprites/blob/master/sprites/pokemon/other/official-artwork/981.png
982	982.webp	Dudunsparce	Nintendo / Creatures Inc. / GAME FREAK inc.	PokeAPI	https://github.com/PokeAPI/sprites/blob/master/sprites/pokemon/other/official-artwork/982.png
983	983.webp	Kingambit	Nintendo / Creatures Inc. / GAME FREAK inc.	PokeAPI	https://github.com/PokeAPI/sprites/blob/master/sprites/pokemon/other/official-artwork/983.png
984	984.webp	Great Tusk	Nintendo / Creatures Inc. / GAME FREAK inc.	PokeAPI	https://github.com/PokeAPI/sprites/blob/master/sprites/pokemon/other/official-artwork/984.png
985	985.webp	Scream Tail	Nintendo / Creatures Inc. / GAME FREAK inc.	PokeAPI	https://github.com/PokeAPI/sprites/blob/master/sprites/pokemon/other/official-artwork/985.png
986	986.webp	Brute Bonnet	Nintendo / Creatures Inc. / GAME FREAK inc.	PokeAPI	https://github.com/PokeAPI/sprites/blob/master/sprites/pokemon/other/official-artwork/986.png
987	987.webp	Flutter Mane	Nintendo / Creatures Inc. / GAME FREAK inc.	PokeAPI	https://github.com/PokeAPI/sprites/blob/master/sprites/pokemon/other/official-artwork/987.png
988	988.webp	Slither Wing	Nintendo / Creatures Inc. / GAME FREAK inc.	PokeAPI	https://github.com/PokeAPI/sprites/blob/master/sprites/pokemon/other/official-artwork/988.png
989	989.webp	Sandy Shocks	Nintendo / Creatures Inc. / GAME FREAK inc.	PokeAPI	https://github.com/PokeAPI/sprites/blob/master/sprites/pokemon/other/official-artwork/989.png
990	990.webp	Iron Treads	Nintendo / Creatures Inc. / GAME FREAK inc.	PokeAPI	https://github.com/PokeAPI/sprites/blob/master/sprites/pokemon/other/official-artwork/990.png
991	991.webp	Iron Bundle	Nintendo / Creatures Inc. / GAME FREAK inc.	PokeAPI	https://github.com/PokeAPI/sprites/blob/master/sprites/pokemon/other/official-artwork/991.png
992	992.webp	Iron Hands	Nintendo / Creatures Inc. / GAME FREAK inc.	PokeAPI	https://github.com/PokeAPI/sprites/blob/master/sprites/pokemon/other/official-artwork/992.png
993	993.webp	Iron Jugulis	Nintendo / Creatures Inc. / GAME FREAK inc.	PokeAPI	https://github.com/PokeAPI/sprites/blob/master/sprites/pokemon/other/official-artwork/993.png
994	994.webp	Iron Moth	Nintendo / Creatures Inc. / GAME FREAK inc.	PokeAPI	https://github.com/PokeAPI/sprites/blob/master/sprites/pokemon/other/official-artwork/994.png
995	995.webp	Iron Thorns	Nintendo / Creatures Inc. / GAME FREAK inc.	PokeAPI	https://github.com/PokeAPI/sprites/blob/master/sprites/pokemon/other/official-artwork/995.png
996	996.webp	Frigibax	Nintendo / Creatures Inc. / GAME FREAK inc.	PokeAPI	https://github.com/PokeAPI/sprites/blob/master/sprites/pokemon/other/official-artwork/996.png
997	997.webp	Arctibax	Nintendo / Creatures Inc. / GAME FREAK inc.	PokeAPI	https://github.com/PokeAPI/sprites/blob/master/sprites/pokemon/other/official-artwork/997.png
998	998.webp	Baxcalibur	Nintendo / Creatures Inc. / GAME FREAK inc.	PokeAPI	https://github.com/PokeAPI/sprites/blob/master/sprites/pokemon/other/official-artwork/998.png
999	999.webp	Gimmighoul	Nintendo / Creatures Inc. / GAME FREAK inc.	PokeAPI	https://github.com/PokeAPI/sprites/blob/master/sprites/pokemon/other/official-artwork/999.png
1000	1000.webp	Gholdengo	Nintendo / Creatures Inc. / GAME FREAK inc.	PokeAPI	https://github.com/PokeAPI/sprites/blob/master/sprites/pokemon/other/official-artwork/1000.png
1001	1001.webp	Wo-Chien	Nintendo / Creatures Inc. / GAME FREAK inc.	PokeAPI	https://github.com/PokeAPI/sprites/blob/master/sprites/pokemon/other/official-artwork/1001.png
1002	1002.webp	Chien-Pao	Nintendo / Creatures Inc. / GAME FREAK inc.	PokeAPI	https://github.com/PokeAPI/sprites/blob/master/sprites/pokemon/other/official-artwork/1002.png
1003	1003.webp	Ting-Lu	Nintendo / Creatures Inc. / GAME FREAK inc.	PokeAPI	https://github.com/PokeAPI/sprites/blob/master/sprites/pokemon/other/official-artwork/1003.png
1004	1004.webp	Chi-Yu	Nintendo / Creatures Inc. / GAME FREAK inc.	PokeAPI	https://github.com/PokeAPI/sprites/blob/master/sprites/pokemon/other/official-artwork/1004.png
1005	1005.webp	Roaring Moon	Nintendo / Creatures Inc. / GAME FREAK inc.	PokeAPI	https://github.com/PokeAPI/sprites/blob/master/sprites/pokemon/other/official-artwork/1005.png
1006	1006.webp	Iron Valiant	Nintendo / Creatures Inc. / GAME FREAK inc.	PokeAPI	https://github.com/PokeAPI/sprites/blob/master/sprites/pokemon/other/official-artwork/1006.png
1007	1007.webp	Koraidon	Nintendo / Creatures Inc. / GAME FREAK inc.	PokeAPI	https://github.com/PokeAPI/sprites/blob/master/sprites/pokemon/other/official-artwork/1007.png
1008	1008.webp	Miraidon	Nintendo / Creatures Inc. / GAME FREAK inc.	PokeAPI	https://github.com/PokeAPI/sprites/blob/master/sprites/pokemon/other/official-artwork/1008.png
1009	1009.webp	Walking Wake	Nintendo / Creatures Inc. / GAME FREAK inc.	PokeAPI	https://github.com/PokeAPI/sprites/blob/master/sprites/pokemon/other/official-artwork/1009.png
1010	1010.webp	Iron Leaves	Nintendo / Creatures Inc. / GAME FREAK inc.	PokeAPI	https://github.com/PokeAPI/sprites/blob/master/sprites/pokemon/other/official-artwork/1010.png
1011	1011.webp	Dipplin	Nintendo / Creatures Inc. / GAME FREAK inc.	PokeAPI	https://github.com/PokeAPI/sprites/blob/master/sprites/pokemon/other/official-artwork/1011.png
1012	1012.webp	Poltchageist	Nintendo / Creatures Inc. / GAME FREAK inc.	PokeAPI	https://github.com/PokeAPI/sprites/blob/master/sprites/pokemon/other/official-artwork/1012.png
1013	1013.webp	Sinistcha	Nintendo / Creatures Inc. / GAME FREAK inc.	PokeAPI	https://github.com/PokeAPI/sprites/blob/master/sprites/pokemon/other/official-artwork/1013.png
1014	1014.webp	Okidogi	Nintendo / Creatures Inc. / GAME FREAK inc.	PokeAPI	https://github.com/PokeAPI/sprites/blob/master/sprites/pokemon/other/official-artwork/1014.png
1015	1015.webp	Munkidori	Nintendo / Creatures Inc. / GAME FREAK inc.	PokeAPI	https://github.com/PokeAPI/sprites/blob/master/sprites/pokemon/other/official-artwork/1015.png
1016	1016.webp	Fezandipiti	Nintendo / Creatures Inc. / GAME FREAK inc.	PokeAPI	https://github.com/PokeAPI/sprites/blob/master/sprites/pokemon/other/official-artwork/1016.png
1017	1017.webp	Ogerpon	Nintendo / Creatures Inc. / GAME FREAK inc.	PokeAPI	https://github.com/PokeAPI/sprites/blob/master/sprites/pokemon/other/official-artwork/1017.png
1018	1018.webp	Archaludon	Nintendo / Creatures Inc. / GAME FREAK inc.	PokeAPI	https://github.com/PokeAPI/sprites/blob/master/sprites/pokemon/other/official-artwork/1018.png
1019	1019.webp	Hydrapple	Nintendo / Creatures Inc. / GAME FREAK inc.	PokeAPI	https://github.com/PokeAPI/sprites/blob/master/sprites/pokemon/other/official-artwork/1019.png
1020	1020.webp	Gouging Fire	Nintendo / Creatures Inc. / GAME FREAK inc.	PokeAPI	https://github.com/PokeAPI/sprites/blob/master/sprites/pokemon/other/official-artwork/1020.png
1021	1021.webp	Raging Bolt	Nintendo / Creatures Inc. / GAME FREAK inc.	PokeAPI	https://github.com/PokeAPI/sprites/blob/master/sprites/pokemon/other/official-artwork/1021.png
1022	1022.webp	Iron Boulder	Nintendo / Creatures Inc. / GAME FREAK inc.	PokeAPI	https://github.com/PokeAPI/sprites/blob/master/sprites/pokemon/other/official-artwork/1022.png
1023	1023.webp	Iron Crown	Nintendo / Creatures Inc. / GAME FREAK inc.	PokeAPI	https://github.com/PokeAPI/sprites/blob/master/sprites/pokemon/other/official-artwork/1023.png
1024	1024.webp	Terapagos	Nintendo / Creatures Inc. / GAME FREAK inc.	PokeAPI	https://github.com/PokeAPI/sprites/blob/master/sprites/pokemon/other/official-artwork/1024.png
1025	1025.webp	Pecharunt	Nintendo / Creatures Inc. / GAME FREAK inc.	PokeAPI	https://github.com/PokeAPI/sprites/blob/master/sprites/pokemon/other/official-artwork/1025.png
