# InSight catalogue art credits — GENERATED by scripts/build-catalog-art.mjs films, do not edit.
# One row per image under web/catalog-art/films/:
# key<TAB>file<TAB>name<TAB>author<TAB>licence<TAB>source
# The key is the catalogue key (public/films.txt); the file is what
# hosting serves; author and licence are what the licence requires shown
# beside the picture, which the app's credits sheet draws from this file.
# A takedown is `node scripts/build-catalog-art.mjs films --remove <key>` (D420).
# 731 entries.
2201	2201.webp	Kick-Ass (2010)	Diseñadores publicitarios	Public domain	https://commons.wikimedia.org/wiki/File:Kick-ass.svg
2345	2345.webp	12 Angry Men (1957)	Illustrator unknown; "Copyright 1957 United Artists Corp."	Public domain	https://commons.wikimedia.org/wiki/File:12_Angry_Men_(1957_film_poster).jpg
2875	2875.webp	Gone with the Wind (1939)	Armando Seguso (per Heritage Auctions)	Public domain	https://commons.wikimedia.org/wiki/File:Poster_-_Gone_With_the_Wind_01.jpg
4941	4941.webp	Skyfall (2012)	Unknown authorUnknown author	Public domain	https://commons.wikimedia.org/wiki/File:Logo_skyfall.svg
5890	5890.webp	V for Vendetta (2005)	PabloBM	CC BY 2.0	https://commons.wikimedia.org/wiki/File:V_for_Vendetta_film.jpg
6074	6074.webp	Star Wars: Episode VII – The Force Awakens (2015)	User:Wiki Erudito	Public domain	https://commons.wikimedia.org/wiki/File:Star_Wars_The_Force_Awakens.jpg
11618	11618.webp	Eraserhead (1977)	Filmex	Public domain	https://commons.wikimedia.org/wiki/File:Eraserhead_-_Filmex_'77_poster.jpg
11621	11621.webp	E.T. the Extra-Terrestrial (1982)	Luke Rauscher	CC BY 2.0	https://commons.wikimedia.org/wiki/File:E.T._figure_at_Madame_Tussauds_London.jpg
12018	12018.webp	8½ (1963)	Cineriz / Embassy Pictures (U.S. distributor)	Public domain	https://commons.wikimedia.org/wiki/File:1963_-_Nineteenth_Street_Theater_Ad_-_26_Oct_MC_-_Allentown_PA.jpg
14320	14320.webp	The Day After Tomorrow (2004)	the day after tomorrow / roland emmerich	Public domain	https://commons.wikimedia.org/wiki/File:The_Day_After_Tomorrow_(film_logo).svg
17738	17738.webp	Star Wars: Episode IV – A New Hope (1977)	File by User:KAMiKAZOW, original logo by Suzy Rice	Public domain	https://commons.wikimedia.org/wiki/File:Star_Wars_Logo.svg
18402	18402.webp	La Strada (1954)	Trans Lux	Public domain	https://commons.wikimedia.org/wiki/File:La_Strada_(1956_American_theatrical_poster).jpg
18405	18405.webp	Nights of Cabiria (1957)	Unknown authorUnknown author	CC BY-SA 4.0	https://commons.wikimedia.org/wiki/File:Photo_Giulietta_Masina_in_a_scene_from_Le_notti_di_Cabiria%2C_a_1957_film_directed_by_Federico_Fellini_1957_-_Touring_Club_Italiano_04_1700.jpg
18407	18407.webp	La Dolce Vita (1960)	Possibly Otello Martelli	Public domain	https://commons.wikimedia.org/wiki/File:Dolce_vita1.gif
18428	18428.webp	Amarcord (1973)	Unknown authorUnknown author	Public domain	https://commons.wikimedia.org/wiki/File:Federico_Fellini_-_Amarcord.png
18954	18954.webp	Tron: Legacy (2010)	Walt Disney Pictures	Public domain	https://commons.wikimedia.org/wiki/File:Tron_Legacy_Logo.svg
19069	19069.webp	The Magnificent Seven (1960)	"Copyright © 1960 – United Artists Corporation."	Public domain	https://commons.wikimedia.org/wiki/File:The_Magnificent_Seven_(1960_poster).jpg
19089	19089.webp	GoldenEye (1995)	MGM/United Artists	Public domain	https://commons.wikimedia.org/wiki/File:Logo_goldeneye_eu.svg
20456	20456.webp	Dances with Wolves (1990)	Atula Siriwardane	Public domain	https://commons.wikimedia.org/wiki/File:Kevin_Costner_-Dances_with_Wolves.jpg
24075	24075.webp	Godzilla (1998)	TriStar Pictures	Public domain	https://commons.wikimedia.org/wiki/File:Godzilla_1998_logo.png
24815	24815.webp	Citizen Kane (1941)	William Rose	Public domain	https://commons.wikimedia.org/wiki/File:Citizen_Kane_poster%2C_1941_(Style_B%2C_unrestored).jpg
24871	24871.webp	Avatar (2009)	Theme Park Tourist	CC BY 2.0	https://commons.wikimedia.org/wiki/File:Avatar_Flight_of_Passage_(33825582954).jpg
25043	25043.webp	Monty Python and the Holy Grail (1975)	Monty Python	Public domain	https://commons.wikimedia.org/wiki/File:Die_Ritter_der_Kokosnuss_Logo.png
25139	25139.webp	American Beauty (1999)	Diseñadores publicitarios	Public domain	https://commons.wikimedia.org/wiki/File:American_beauty.svg
25188	25188.webp	Inception (2010)	Craig Grobler at http://www.theestablishingshot.com/	CC BY-SA 2.0	https://commons.wikimedia.org/wiki/File:InceptionCast2July10.jpg
27204	27204.webp	Live and Let Die (1973)	Unknown authorUnknown author	Public domain	https://commons.wikimedia.org/wiki/File:Liveandletdie-logo.svg
27411	27411.webp	Scream (1996)	Studiocanal	Public domain	https://commons.wikimedia.org/wiki/File:Scream_logo.jpg
28196	28196.webp	World War Z (2013)	Mark Harkin	CC BY 2.0	https://commons.wikimedia.org/wiki/File:World_War_Z_in_Glasgow_030_(9194785674).jpg
28234	28234.webp	Les Misérables (2012)	Richardsonwow	Public domain	https://commons.wikimedia.org/wiki/File:Les_miserables_logo.png
28936	28936.webp	Cloud Atlas (2012)	Warner Bros.	Public domain	https://commons.wikimedia.org/wiki/File:Cloud_Atlas_Logo.png
32433	32433.webp	Lincoln (2012)	Lucascoden77	CC BY-SA 3.0	https://commons.wikimedia.org/wiki/File:Lincoln_(film%2C_2012).png
34414	34414.webp	Rear Window (1954)	Copyrighted by Paramount International. Artists(s) not known.	Public domain	https://commons.wikimedia.org/wiki/File:Rear_Window_film_poster.jpg
39571	39571.webp	My Neighbor Totoro (1988)	Studio Ghibli	Public domain	https://commons.wikimedia.org/wiki/File:Tonari_no_Totoro_title_(green).jpg
41483	41483.webp	The Good, the Bad and the Ugly (1966)	United Artists	Public domain	https://commons.wikimedia.org/wiki/File:Il_buono%2C_il_brutto%2C_il_cattivo.png
41754	41754.webp	Ghost Rider (2007)	Cris	CC BY 2.0	https://commons.wikimedia.org/wiki/File:Ghost_Rider.jpg
42047	42047.webp	Goodfellas (1990)	IJohnKennady	CC BY-SA 4.0	https://commons.wikimedia.org/wiki/File:Goodfellas-logo.svg
42051	42051.webp	Star Wars: Episode III – Revenge of the Sith (2005)	LucasFilm	Public domain	https://commons.wikimedia.org/wiki/File:Revengeofthesith-logo.svg
42198	42198.webp	Heat (1995)	UnknownUnknown ; uploaded there by ArieS	Public domain	https://commons.wikimedia.org/wiki/File:Heat_(1995)_logo.png
44578	44578.webp	Titanic (1997)	20th Century Fox	Public domain	https://commons.wikimedia.org/wiki/File:Titanic.png
45394	45394.webp	The Cabin in the Woods (2012)	Diseñadores publicitarios	Public domain	https://commons.wikimedia.org/wiki/File:The_cabin_in_the_woods.svg
45602	45602.webp	Modern Times (1936)	Unknown authorUnknown author	Public domain	https://commons.wikimedia.org/wiki/File:Modern_Times_poster.jpg
46551	46551.webp	The Prestige (2006)	Diseñadores publicitarios	Public domain	https://commons.wikimedia.org/wiki/File:The_prestige.svg
46717	46717.webp	Pirates of the Caribbean: The Curse of the Black Pearl (2003)	The Walt Disney Company	Public domain	https://commons.wikimedia.org/wiki/File:Pirates_of_the_Caribbean_logo.svg
47075	47075.webp	Scarface (1983)	Original: Universal Pictures Derivative work: Logovectorizer	Public domain	https://commons.wikimedia.org/wiki/File:Scarface_logo.svg
47221	47221.webp	Taxi Driver (1976)	Original: Columbia Pictures Vectorization: Logovectorizer	Public domain	https://commons.wikimedia.org/wiki/File:Taxi_Driver_logo.svg
47703	47703.webp	The Godfather (1972)	Paramount Pictures	Public domain	https://commons.wikimedia.org/wiki/File:Godfather_logo.svg
49003	49003.webp	Ghost (1990)	Paramount Pictures	Public domain	https://commons.wikimedia.org/wiki/File:Ghost_opening_title.jpg
50714	50714.webp	Stagecoach (1939)	"© 1939 by United Artists Corporation."	Public domain	https://commons.wikimedia.org/wiki/File:Stagecoach_(1939_poster).jpg
51668	51668.webp	The Passion of the Christ (2004)	Unknown authorUnknown author	Public domain	https://commons.wikimedia.org/wiki/File:Passionofchrist-logo.svg
53115	53115.webp	High School Musical 3: Senior Year (2008)	Jennifer	CC BY-SA 1.0	https://commons.wikimedia.org/wiki/File:High_School_Musical_3.jpg
54274	54274.webp	Pirates of the Caribbean: At World's End (2007)	Walt Disney Pictures	Public domain	https://commons.wikimedia.org/wiki/File:Pirates_of_the_Caribbean_3_Logo.svg
59534	59534.webp	Planet of the Apes (1968)	Unknown authorUnknown author	Public domain	https://commons.wikimedia.org/wiki/File:Heston_and_harrison_planet_of_the_apes.jpg
60072	60072.webp	The Sound of Music (1965)	20th Century Fox	Public domain	https://commons.wikimedia.org/wiki/File:The_Sound_of_Music_Christopher_Plummer_and_Julie_Andrews.jpg
61696	61696.webp	Midnight Cowboy (1969)	United Artists	Public domain	https://commons.wikimedia.org/wiki/File:Midnight_Cowboy_trailer_-_poster.jpg
62665	62665.webp	The Sting (1973)	Illustrator unknown; presumably a work-for-hire for distributor Universal Pictures.	Public domain	https://commons.wikimedia.org/wiki/File:The_Sting_(1973_alt_poster).jpeg
62730	62730.webp	Das Boot (1981)	Aconcagua (talk)	CC BY-SA 3.0	https://commons.wikimedia.org/wiki/File:Bavaria_Filmstudio_Das_Boot_4.jpg
72962	72962.webp	Reservoir Dogs (1992)	Original: Miramax Films & LIVE Entertainment Derivative work: Logovectorizer	Public domain	https://commons.wikimedia.org/wiki/File:Reservoir_Dogs_logo.svg
76479	76479.webp	A Fistful of Dollars (1964)	movie studio	Public domain	https://commons.wikimedia.org/wiki/File:Clint_Eastwood_-_1960s.JPG
80379	80379.webp	The Hobbit: An Unexpected Journey (2012)	New Line Cinema	Public domain	https://commons.wikimedia.org/wiki/File:Thehobbittrilogy.png
83495	83495.webp	The Matrix (1999)	Jamie Zawinski (program); Church of emacs (screenshot)	Attribution	https://commons.wikimedia.org/wiki/File:The.Matrix.glmatrix.1.png
83767	83767.webp	The Blue Lagoon (1980)	Isderion and Benjamin444 (Commons users)	CC BY-SA 3.0	https://commons.wikimedia.org/wiki/File:Lgoon.jpg
86427	86427.webp	Breathless (1960)	Société Nouvelle de Cinématographie (SNC)	Public domain	https://commons.wikimedia.org/wiki/File:%C3%80_bout_de_souffle_movie_logo.png
91540	91540.webp	Back to the Future (1985)	Universal Studios or Drew Strutzan	Public domain	https://commons.wikimedia.org/wiki/File:Back_to_the_Future_film_series_logo.png
102225	102225.webp	Harry Potter and the Goblet of Fire (2005)	Jeremy Thompson from United States of America	CC BY 2.0	https://commons.wikimedia.org/wiki/File:Dragon_Challenge_19.jpg
102235	102235.webp	Harry Potter and the Order of the Phoenix (2007)	Self made.	Public domain	https://commons.wikimedia.org/wiki/File:Harry_Potter_wordmark.svg
102244	102244.webp	Harry Potter and the Chamber of Secrets (2002)	Self made.	Public domain	https://commons.wikimedia.org/wiki/File:Harry_Potter_wordmark.svg
102438	102438.webp	Harry Potter and the Philosopher's Stone (2001)	Netflix	Public domain	https://commons.wikimedia.org/wiki/File:%D8%B4%D8%B9%D8%A7%D8%B1_%D9%87%D8%A7%D8%B1%D9%8A_%D8%A8%D9%88%D8%AA%D8%B1_%D9%88%D8%AD%D8%AC%D8%B1_%D8%A7%D9%84%D9%81%D9%8A%D9%84%D8%B3%D9%88%D9%81.png
102448	102448.webp	Harry Potter and the Prisoner of Azkaban (2004)	Cygomezm	CC BY-SA 4.0	https://commons.wikimedia.org/wiki/File:Harry-potter-and-the-prisoner-of-azkaban-logo.svg
102754	102754.webp	Dr. No (1962)	Кинокомпания «United Artists»	Public domain	https://commons.wikimedia.org/wiki/File:%D0%94%D0%BE%D0%BA%D1%82%D0%BE%D1%80_%D0%9D%D0%BE%D1%83_%D1%84%D0%B8%D0%BB%D1%8C%D0%BC_1962_%D1%81%D0%BA%D1%80%D0%B8%D0%BD_%D0%B7%D0%B0%D1%81%D1%82%D0%B0%D0%B2%D0%BA%D0%B8_5.jpg
103474	103474.webp	2001: A Space Odyssey (1968)	Unknown authorUnknown author	CC BY-SA 4.0	https://commons.wikimedia.org/wiki/File:Photo_A_scene_from_2001._A_Space_Odyssey%2C_a_1968_film_directed_by_Stanley_Kubrick_1968_-_Touring_Club_Italiano_04_0826.jpg
103569	103569.webp	Alien (1979)	Pierpao	Public domain	https://commons.wikimedia.org/wiki/File:Alien_logo.jpeg
104123	104123.webp	Pulp Fiction (1994)	Mbdortmund	CC BY-SA 3.0	https://commons.wikimedia.org/wiki/File:Dortmund-Graffiti-IMG_6604.JPG
104814	104814.webp	Aliens (1986)	aliens	Public domain	https://commons.wikimedia.org/wiki/File:Aliens-logo.svg
105387	105387.webp	Independence Day (1996)	© 20th Century Studios.	Public domain	https://commons.wikimedia.org/wiki/File:Independence_Day_(film_logo).svg
105598	105598.webp	Die Hard (1988)	20th Century Studios	Public domain	https://commons.wikimedia.org/wiki/File:Die_Hard_film_logo.png
105624	105624.webp	The Bourne Identity (2002)	Schreibwerkzeug	CC BY-SA 4.0	https://commons.wikimedia.org/wiki/File:The_Bourne_Identity_Logo.png
105702	105702.webp	Dr. Strangelove (1964)	Tomi Ungerer	Public domain	https://commons.wikimedia.org/wiki/File:Dr._Strangelove_poster.png
105801	105801.webp	Stargate (1994)	Jamiecat *	CC BY 2.0	https://commons.wikimedia.org/wiki/File:Stargate_-_Japan_Expo_2009.jpg
105993	105993.webp	Die Hard 2 (1990)	Unknown authorUnknown author	Public domain	https://commons.wikimedia.org/wiki/File:Die-hard-2-die-harder-4f89f10e7c6b1.png
106182	106182.webp	X-Men (2000)	Unknown authorUnknown author	Public domain	https://commons.wikimedia.org/wiki/File:X-Men_movie_logo.png
106440	106440.webp	Goldfinger (1964)	Unknown authorUnknown author – Comet Photo AG (Zürich)	CC BY-SA 4.0	https://commons.wikimedia.org/wiki/File:ETH-BIB_Goldfinger_1964_%E2%80%93_Com_C13-035-006.jpg
106571	106571.webp	From Russia with Love (1963)	From Russia With Love (United Kingdom)	Public domain	https://commons.wikimedia.org/wiki/File:Logo_frwl_uk.svg
106871	106871.webp	Die Hard with a Vengeance (1995)	Unknown authorUnknown author	Public domain	https://commons.wikimedia.org/wiki/File:Die_Hard_with_a_Vengeance.png
107226	107226.webp	The Bourne Ultimatum (2007)	Schreibwerkzeug	CC BY-SA 4.0	https://commons.wikimedia.org/wiki/File:The_Bourne_Ultimatum_Logo.png
107325	107325.webp	Bram Stoker's Dracula (1992)	Marmolejo1489	Public domain	https://commons.wikimedia.org/wiki/File:Bram_Stoker's_Dracula_movie_horizontal_gold_logo.png
107724	107724.webp	Thunderball (1965)	james bond - Thunderball	Public domain	https://commons.wikimedia.org/wiki/File:Thunderball-logo.svg
107761	107761.webp	You Only Live Twice (1967)	No machine-readable author provided. Hannibal assumed (based on copyright claims).	Public domain	https://commons.wikimedia.org/wiki/File:Little_Nellie.jpg
107914	107914.webp	Diamonds Are Forever (1971)	Rob Mieremet	CC BY-SA 3.0 nl	https://commons.wikimedia.org/wiki/File:Sean_Connery_as_James_Bond_(1971).jpg
107940	107940.webp	Star Trek: The Motion Picture (1979)	Paramount Pictures	Public domain	https://commons.wikimedia.org/wiki/File:Star_trek_the_motion_picture_logo.png
108297	108297.webp	Spartacus (1960)	Reynold Brown	Public domain	https://commons.wikimedia.org/wiki/File:Spartacus_-_1960_-_poster.png
108525	108525.webp	The Untouchables (1987)	Paramount Pictures	Public domain	https://commons.wikimedia.org/wiki/File:The_Untouchables_Filmlogo.png
108543	108543.webp	Alien 3 (1992)	Fleshgrinder	Public domain	https://commons.wikimedia.org/wiki/File:Alien_3_Logo.svg
108745	108745.webp	Ghostbusters (1984)	Sony Pictures Releasing and Columbia Pictures	Public domain	https://commons.wikimedia.org/wiki/File:Ghostbusers_Logo.svg
109116	109116.webp	The Great Dictator (1940)	United Artists	Public domain	https://commons.wikimedia.org/wiki/File:The_Great_Dictator_(1940)_poster.jpg
109135	109135.webp	Trainspotting (1996)	trainspotting	Public domain	https://commons.wikimedia.org/wiki/File:Trainspotting-logo.svg
109331	109331.webp	Back to the Future Part II (1989)	ADC	Public domain	https://commons.wikimedia.org/wiki/File:Delorean5.jpg
109564	109564.webp	Rope (1948)	Trailer screenshot	Public domain	https://commons.wikimedia.org/wiki/File:James_Stewart_in_Rope_trailer_1.png
109767	109767.webp	The Blues Brothers (1980)	Julie Facine	CC BY-SA 2.0	https://commons.wikimedia.org/wiki/File:Blues_Brothers.JPG
110043	110043.webp	The Birds (1963)	Copyrighted by Universal Pictures Co., Inc..	Public domain	https://commons.wikimedia.org/wiki/File:The_Birds_original_poster.jpg
110138	110138.webp	Top Gun (1986)	Paramount Pictures	Public domain	https://commons.wikimedia.org/wiki/File:Top_Gun_film_logo.png
110203	110203.webp	Collateral (2004)	The original uploader was Oxxo at French Wikipedia.	Public domain	https://commons.wikimedia.org/wiki/File:Collateral_-_Logo.png
110206	110206.webp	Dirty Harry (1971)	Warner Bros.	Public domain	https://commons.wikimedia.org/wiki/File:Dirty_harry_de.svg
110365	110365.webp	Dancer in the Dark (2000)	Fine Line Features	Public domain	https://commons.wikimedia.org/wiki/File:Dancer_in_the_Dark_(2000)_-_Fine_Line_poster.jpg
110397	110397.webp	True Lies (1994)	Lightstorm Entertainment	Public domain	https://commons.wikimedia.org/wiki/File:True_lies_de.svg
114819	114819.webp	Dune (1984)	SunOfErat	Public domain	https://commons.wikimedia.org/wiki/File:Dune_(Logo).png
116852	116852.webp	Batman (1989)	Egon Eagle	CC0	https://commons.wikimedia.org/wiki/File:Batman_cossplay.JPG
125076	125076.webp	Slumdog Millionaire (2008)	Slumdog Millionär	Public domain	https://commons.wikimedia.org/wiki/File:Slumdog-logo.svg
125772	125772.webp	Solaris (1972)	Unknown authorUnknown author	Public domain	https://commons.wikimedia.org/wiki/File:Solaris_logo_1972.svg
126699	126699.webp	Gran Torino (2008)	Unknown authorUnknown author	Public domain	https://commons.wikimedia.org/wiki/File:Gran-torino-509e76b22e77f.png
127021	127021.webp	M (1931)	Andreas Bohnenstengel	CC BY 3.0 de	https://commons.wikimedia.org/wiki/File:Wandmalerei_im_Tanzcafe_LiBella.jpg
127367	127367.webp	The Lord of the Rings: The Fellowship of the Ring (2001)	New Line Cinema	Public domain	https://commons.wikimedia.org/wiki/File:LotR21.png
128518	128518.webp	Gladiator (2000)	Pietrus	CC BY-SA 4.0	https://commons.wikimedia.org/wiki/File:Gladiator_logo.svg
128761	128761.webp	Two Women (1960)	Vittorio De Sica	Public domain	https://commons.wikimedia.org/wiki/File:La-ciociara2.jpg
131074	131074.webp	The Lord of the Rings: The Return of the King (2003)	the lord of the rings - the return of the king logo	Public domain	https://commons.wikimedia.org/wiki/File:Tloftr-rotk2-logo.svg
131390	131390.webp	300 (2006)	Warner Bros. Pictures / Legendary Pictures	Public domain	https://commons.wikimedia.org/wiki/File:300_Logo.svg
132689	132689.webp	Casablanca (1942)	Bill Gold	Public domain	https://commons.wikimedia.org/wiki/File:CasablancaPoster-Gold.jpg
133654	133654.webp	The Silence of the Lambs (1991)	Mavelus	Public domain	https://commons.wikimedia.org/wiki/File:The_Silence_of_the_Lambs.png
135465	135465.webp	Rashomon (1950)	Courtesy of Daiei, (c) 1950. The author of this picture is Daiei Motion Picture Company (Daiei Kabu…	Public domain	https://commons.wikimedia.org/wiki/File:Rashomon_poster.jpg
146673	146673.webp	Basic Instinct (1992)	Original: TriStar Pictures & Carolco Pictures Derivative work: Logovectorizer	Public domain	https://commons.wikimedia.org/wiki/File:Basic_Instinct_logo.svg
151599	151599.webp	Metropolis (1927)	Boris Konstantinovitch Bilinsky (1900–1948)	Public domain	https://commons.wikimedia.org/wiki/File:1927_Boris_Bilinski_(1900-1948)_Plakat_f%C3%BCr_den_Film_Metropolis%2C_Staatliche_Museen_zu_Berlin.jpg
151895	151895.webp	Nosferatu (1922)	J.-H. Janßen	CC0	https://commons.wikimedia.org/wiki/File:Wismar_Markt_Nosferatu_01_(cropped).jpg
151904	151904.webp	Casino Royale (2006)	Unknown authorUnknown author	Public domain	https://commons.wikimedia.org/wiki/File:Casino_Royale_Logo.svg
152350	152350.webp	Battleship Potemkin (1925)	Not mentioned on poster	Public domain	https://commons.wikimedia.org/wiki/File:Vintage_Potemkin.jpg
152493	152493.webp	Sabrina (1954)	Illustrator unknown. "Copyright 1954 Paramount Pictures Inc."	Public domain	https://commons.wikimedia.org/wiki/File:Sabrina_(1954_film_poster).jpg
152857	152857.webp	Downfall (2004)	Constantin Film	Public domain	https://commons.wikimedia.org/wiki/File:Der_untergang.svg
153484	153484.webp	Resident Evil (2002)	Resident Evil (Film)	Public domain	https://commons.wikimedia.org/wiki/File:Resident_Evil_(Movie_logo).svg
153677	153677.webp	For a Few Dollars More (1965)	Constantin Film	Public domain	https://commons.wikimedia.org/wiki/File:Per_qualche_dollaro_in_pi%C3%B9.png
153886	153886.webp	The Cabinet of Dr. Caligari (1920)	Unknown authorUnknown author	Public domain	https://commons.wikimedia.org/wiki/File:CABINETOFDRCALIGARI-poster.jpg
154077	154077.webp	Walk the Line (2005)	User:Johnnycash1950-2003	CC BY-SA 3.0	https://commons.wikimedia.org/wiki/File:At_San_quentin_1969_2014-05-04_00-14.jpg
154581	154581.webp	Gangs of New York (2002)	Machete kills	CC BY-SA 4.0	https://commons.wikimedia.org/wiki/File:Gangs_of_New_York.png
154935	154935.webp	(500) Days of Summer (2009)	CAryn Loveless at http://www.facebook.com/pages/Caryn-Loveless-Photography/199557687985	CC BY 3.0	https://commons.wikimedia.org/wiki/File:JosephGordon-LevittZooeyDeschanel500DaysMar09.jpg
155018	155018.webp	The Name of the Rose (1986)	Vinckie	CC BY-SA 4.0	https://commons.wikimedia.org/wiki/File:JJA_rose.jpg
155476	155476.webp	The Fast and the Furious (2001)	the fast and the furious	Public domain	https://commons.wikimedia.org/wiki/File:Tfatf-logo.svg
156597	156597.webp	Men in Black II (2002)	Sony Pictures	Public domain	https://commons.wikimedia.org/wiki/File:Men_in_Black_II_logo.png
156608	156608.webp	The Bourne Supremacy (2004)	Schreibwerkzeug	CC BY-SA 4.0	https://commons.wikimedia.org/wiki/File:The_Bourne_Supremacy_Logo.png
157556	157556.webp	The Boy in the Striped Pajamas (2008)	Sarah Ewart	CC BY-SA 3.0	https://commons.wikimedia.org/wiki/File:SarahEwart-069.JPG
159054	159054.webp	Valkyrie (2008)	Diseñadores publicitarios	Public domain	https://commons.wikimedia.org/wiki/File:Valkyrie.svg
159063	159063.webp	The Reader (2008)	The Weinstein Company, Mirage Enterprises (en), Neunte Babelsberg Film	Public domain	https://commons.wikimedia.org/wiki/File:The_Reader_(2008_film)_-_logo.png
159870	159870.webp	Rambo (2008)	Nicolas Genin	CC BY-SA 2.0	https://commons.wikimedia.org/wiki/File:Stallone_66%C3%A8me_Festival_de_Venise_5.jpg
160060	160060.webp	The King's Speech (2010)	Diseñadores publicitarios	Public domain	https://commons.wikimedia.org/wiki/File:The_king's_speech.svg
160071	160071.webp	Twilight (2008)	Scarce	Public domain	https://commons.wikimedia.org/wiki/File:Twilight.png
160215	160215.webp	King Kong (2005)	Unknown authorUnknown author	Public domain	https://commons.wikimedia.org/wiki/File:King_Kong.svg
160560	160560.webp	The Da Vinci Code (2006)	Oficial K	Public domain	https://commons.wikimedia.org/wiki/File:T%C3%ADtulo_de_El_c%C3%B3digo_Da_Vinci.png
160618	160618.webp	Brokeback Mountain (2005)	Focus Features / River Road Entertainment	Public domain	https://commons.wikimedia.org/wiki/File:Brokeback_Mountain_logo.svg
161087	161087.webp	Pirates of the Caribbean: Dead Man's Chest (2006)	Walt Disney Pictures	Public domain	https://commons.wikimedia.org/wiki/File:Pirates_of_the_Caribbean_2_Logo.svg
161678	161678.webp	Harry Potter and the Deathly Hallows – Part 1 (2010)	Robert Clarke	CC BY 2.0	https://commons.wikimedia.org/wiki/File:HIMG_2703_(8066420985).jpg
161687	161687.webp	Harry Potter and the Half-Blood Prince (2009)	Karen Roe from Bury St Edmunds, Suffolk, UK	CC BY 2.0	https://commons.wikimedia.org/wiki/File:The_Making_of_Harry_Potter_29-05-2012_(7375512280).jpg
162182	162182.webp	Watchmen (2009)	Warner Bros.	Public domain	https://commons.wikimedia.org/wiki/File:Watchmen_Film_Logo.png
162255	162255.webp	The Terminator (1984)	Vectorized by Amberrock	Public domain	https://commons.wikimedia.org/wiki/File:The_Terminator_(logo).svg
162331	162331.webp	The 400 Blows (1959)	Cocinor	Public domain	https://commons.wikimedia.org/wiki/File:Trans-Lux_Playhouse_Ad_-_25_December_1959%2C_NW%2C_Washington%2C_D.C.png
162672	162672.webp	Carrie (1976)	United Artists Corporation	Public domain	https://commons.wikimedia.org/wiki/File:Carrie_1976_Logo.svg
162729	162729.webp	Braveheart (1995)	Scott Neeson	CC BY-SA 3.0	https://commons.wikimedia.org/wiki/File:Mel_Gibson_on_the_set_of_Braveheart%2C_1995.jpg
163038	163038.webp	Psycho (1960)	Designed by Macario Gómez Quibus. "© Shamley Productions, Inc."	Public domain	https://commons.wikimedia.org/wiki/File:Psycho_(1960)_theatrical_poster_(retouched).jpg
164813	164813.webp	Perfume: The Story of a Murderer (2006)	User:ΛΦΠ	CC BY-SA 4.0	https://commons.wikimedia.org/wiki/File:Le_Parfum_-_Chez_Giuseppe_Baldini.JPG
164963	164963.webp	The Lord of the Rings: The Two Towers (2002)	the lord of the rings - the two towers	Public domain	https://commons.wikimedia.org/wiki/File:Tloftr-ttt2-logo.svg
165325	165325.webp	Kill Bill: Volume 1 (2003)	quentin tarantino	Public domain	https://commons.wikimedia.org/wiki/File:Killbill-vol1-logo.svg
165651	165651.webp	Fanny and Alexander (1982)	Sandrew Film & Teater	Public domain	https://commons.wikimedia.org/wiki/File:Fanny_%26_Alexander_logotype.png
165713	165713.webp	Star Wars: Episode I – The Phantom Menace (1999)	Star Wars	Public domain	https://commons.wikimedia.org/wiki/File:Star-wars-episode-i---the-phantom-menace.png
165817	165817.webp	Saving Private Ryan (1998)	Cygomezm	Public domain	https://commons.wikimedia.org/wiki/File:Saving-private-ryan-logo.svg
166262	166262.webp	Batman Begins (2005)	Logopedia, Warner Bros.	Public domain	https://commons.wikimedia.org/wiki/File:Batman_Begins_logo.png
167726	167726.webp	Jurassic Park (1993)	Universal City Studios LLC and Amblin Entertainment, Inc.	Public domain	https://commons.wikimedia.org/wiki/File:Jurassic_Park_wordmark.svg
168154	168154.webp	Once Upon a Time in the West (1968)	Studio	Public domain	https://commons.wikimedia.org/wiki/File:Jason_Robards-1968-1.jpg
169082	169082.webp	10 Things I Hate About You (1999)	Touchstone Pictures	Public domain	https://commons.wikimedia.org/wiki/File:10_dinge_die_ich_an_dir_hasse.svg
170564	170564.webp	Terminator 2: Judgment Day (1991)	Lightstorm	CC BY-SA 4.0	https://commons.wikimedia.org/wiki/File:Terminator_2_Judgement_Day_(logo).png
171453	171453.webp	Transformers (2007)	My own montage for other pictures in Wikipedia. Original images from RichN, Kevin Ward and Mathewig…	CC BY 3.0	https://commons.wikimedia.org/wiki/File:Transformers_Cars.jpg
171669	171669.webp	One Flew Over the Cuckoo's Nest (1975)	Maryemark	Public domain	https://commons.wikimedia.org/wiki/File:Goldman_bo.jpg
171711	171711.webp	Star Trek Into Darkness (2013)	Paramount Pictures	Public domain	https://commons.wikimedia.org/wiki/File:Star_Trek_Into_Darkness_Logo.png
171861	171861.webp	The Artist (2011)	Movie designers	Public domain	https://commons.wikimedia.org/wiki/File:TheArtist-logo.png
172241	172241.webp	The Shawshank Redemption (1994)	Marmolejo1489	Public domain	https://commons.wikimedia.org/wiki/File:The_Shawshank_Redemption_movie_logo.png
172271	172271.webp	Maleficent (2014)	The Walt Disney Company	Public domain	https://commons.wikimedia.org/wiki/File:Maleficent_film_logo.svg
172837	172837.webp	Bicycle Thieves (1948)	Unknown authorUnknown author	CC BY-SA 4.0	https://commons.wikimedia.org/wiki/File:Photo_Gino_Saltamerenda%2C_Lamberto_Maggiorani_and_other_actors_in_a_scene_fromLadri_di_biciclette%2C_a_1948_film_directed_by_Vittorio_De_Sica._1948_-_Touring_Club_Italiano_04_1379.jpg
172975	172975.webp	The Departed (2006)	Original: Warner Bros. Pictures Vectorization: Logovectorizer	Public domain	https://commons.wikimedia.org/wiki/File:The_Departed_logo.svg
174284	174284.webp	Raiders of the Lost Ark (1981)	Michael Neel from Knoxville, TN, USA	CC BY 2.0	https://commons.wikimedia.org/wiki/File:Indy's_Arc.jpg
174371	174371.webp	127 Hours (2010)	KES47	Public domain	https://commons.wikimedia.org/wiki/File:127_Hours_poster.svg
174385	174385.webp	Alice in Wonderland (2010)	Diseñadores gráficos	Public domain	https://commons.wikimedia.org/wiki/File:Alice_in_Wonderland.svg
175038	175038.webp	12 Monkeys (1995)	Wacky25	CC BY-SA 4.0	https://commons.wikimedia.org/wiki/File:12singes.PNG
176826	176826.webp	The Last King of Scotland (2006)	Archives New Zealand	CC BY 2.0	https://commons.wikimedia.org/wiki/File:Idi_Amin_-Archives_New_Zealand_AAWV_23583%2C_KIRK1%2C_5(B)%2C_R23930288.jpg
177922	177922.webp	To Kill a Mockingbird (1962)	"Copyright © 1963 by Universal Pictures Co., Inc."	Public domain	https://commons.wikimedia.org/wiki/File:To_Kill_a_Mockingbird_(1963_US_theatrical_poster).jpg
179215	179215.webp	Indiana Jones and the Temple of Doom (1984)	Lucasfilm	Public domain	https://commons.wikimedia.org/wiki/File:Indiana_Jones_logo.svg
180098	180098.webp	Ben-Hur (1959)	Reynold Brown	Public domain	https://commons.wikimedia.org/wiki/File:Ben_hur_1959_poster.jpg
180214	180214.webp	Black Swan (2010)	Original: Fox Searchlight Pictures & Cross Creek Pictures Vectorization: Logovectorizer	Public domain	https://commons.wikimedia.org/wiki/File:Black_Swan_logo.svg
180279	180279.webp	Never Say Never Again (1983)	james bond - Never Say Never Again	Public domain	https://commons.wikimedia.org/wiki/File:Neversayneveragain-logo.svg
181069	181069.webp	Star Wars: Episode II – Attack of the Clones (2002)	Star Wars: Episode II – Attack of the Clones	Public domain	https://commons.wikimedia.org/wiki/File:Star_wars_ep_2_de.svg
181086	181086.webp	A Clockwork Orange (1971)	Bill Gold, Stanley Kubrick.	Public domain	https://commons.wikimedia.org/wiki/File:Clockwork_Orange_Trailer_poster.png
181540	181540.webp	Quantum of Solace (2008)	Unknown authorUnknown author	Public domain	https://commons.wikimedia.org/wiki/File:Quantum_of_Solace_Logo.svg
181776	181776.webp	Bonnie and Clyde (1967)	Distributed by Warner Bros.-Seven Arts.	Public domain	https://commons.wikimedia.org/wiki/File:Bonnie_and_Clyde_(1967_teaser_poster).jpg
181795	181795.webp	Star Wars: Episode V – The Empire Strikes Back (1980)	george lucas	Public domain	https://commons.wikimedia.org/wiki/File:Theempirestrikesback-logo2.svg
181803	181803.webp	Star Wars: Episode VI – Return of the Jedi (1983)	george lucas	Public domain	https://commons.wikimedia.org/wiki/File:Returnofthejedi-logo2.svg
182153	182153.webp	Cars (2006)	Walt Disney Pictures / Pixar	Public domain	https://commons.wikimedia.org/wiki/File:Cars_Logo_Black.svg
182212	182212.webp	Spider-Man 3 (2007)	Unknown authorUnknown author	Public domain	https://commons.wikimedia.org/wiki/File:Spider-Man_3-Logo.svg
182218	182218.webp	The Avengers (2012)	Marvel Studios, Walt Disney Pictures	Public domain	https://commons.wikimedia.org/wiki/File:Marvel's_The_Avengers_logo.svg
182373	182373.webp	Indiana Jones and the Kingdom of the Crystal Skull (2008)	Maplemoths	CC BY 4.0	https://commons.wikimedia.org/wiki/File:Image_of_Mauna_Kea_from_the_Hilo_suburbs.jpg
182692	182692.webp	Apocalypse Now (1979)	Keven Law from Los Angeles, USA	CC BY-SA 2.0	https://commons.wikimedia.org/wiki/File:Flickr_-_law_keven_-_Apocalypse_Now%5E.......minus_the_Helicopters...jpg
183063	183063.webp	The Sixth Sense (1999)	Thomas from Vienna, Austria	CC BY-SA 2.0	https://commons.wikimedia.org/wiki/File:Haley_Joel_Osment_in_2001.jpg
183066	183066.webp	The Hurt Locker (2008)	Diseñadores publicitarios	Public domain	https://commons.wikimedia.org/wiki/File:The_hurt_locker.svg
183081	183081.webp	No Country for Old Men (2007)	MIRAMAX	Public domain	https://commons.wikimedia.org/wiki/File:No_Country_For_Old_Men_Logo.png
183239	183239.webp	The Curious Case of Benjamin Button (2008)	ブルッウ	Public domain	https://commons.wikimedia.org/wiki/File:The_Curious_Case_of_Benjamin_Button_logo.png
183555	183555.webp	Pirates of the Caribbean: On Stranger Tides (2011)	Walt Disney Pictures	Public domain	https://commons.wikimedia.org/wiki/File:Pirates_of_the_Caribbean_4_Logo.svg
184255	184255.webp	Million Dollar Baby (2004)	Benoît Prieur	CC0	https://commons.wikimedia.org/wiki/File:Maggie'_boxing_gloves_(Million_dollar_baby)_Warner_Bros._Studio_Tour_Hollywood.jpg
184605	184605.webp	2012 (2009)	Stoeffler	CC0	https://commons.wikimedia.org/wiki/File:2012-film-logo.png
184768	184768.webp	The Godfather Part II (1974)	Paramount Pictures	Public domain	https://commons.wikimedia.org/wiki/File:Godfather_2_logo.svg
184843	184843.webp	Blade Runner (1982)	Jialxv	CC BY-SA 4.0	https://commons.wikimedia.org/wiki/File:Blade_Runner_box.svg
185658	185658.webp	Indiana Jones and the Last Crusade (1989)	Urko Dorronsoro from Donostia - San Sebastian, Euskal Herria (Basque Country)	CC BY-SA 2.0	https://commons.wikimedia.org/wiki/File:ExpoSYFY_-_Indiana_Jones_and_the_Last_Crusade_(10746697934).jpg
185888	185888.webp	The Social Network (2010)	The_Social_Network.jpg: Sony Pictures derivative work: Markus1983 (talk)	Public domain	https://commons.wikimedia.org/wiki/File:The_social_network.svg
186323	186323.webp	Borat (2006)	User Skssoft on de.wikipedia; Michael Bulcik / SKS Soft GmbH Düsseldorf	CC BY 2.5	https://commons.wikimedia.org/wiki/File:Borat_in_Cologne.jpg
186341	186341.webp	The Shining (1980)	Carlos Pacheco from Toronto, Canada	CC BY 2.0	https://commons.wikimedia.org/wiki/File:Stanley_Kubrick_The_Exhibition_-_TIFF_-_Shinning_(16215970687).jpg
186587	186587.webp	Troy (2004)	1- Nedim Ardoğa 2- Edal Anton Lefterov 3- Panoramio upload bot 4- Julian Nyča 5- Selçuk Bağrışen 6-…	CC BY-SA 2.0	https://commons.wikimedia.org/wiki/File:%C3%87anakkale_kolaj.jpg
188035	188035.webp	Apocalypto (2006)	Touchstone Pictures	Public domain	https://commons.wikimedia.org/wiki/File:Apocalypto_Logo.png
188652	188652.webp	Rocky (1976)	United Artists	Public domain	https://commons.wikimedia.org/wiki/File:Rocky_Logo.svg
188718	188718.webp	The Bridge on the River Kwai (1957)	"Copyright © 1958 Columbia Pictures Corporation."	Public domain	https://commons.wikimedia.org/wiki/File:The_Bridge_on_the_River_Kwai_(1958_US_poster_-_Style_A).jpg
188850	188850.webp	Mamma Mia! (2008)	Daniel Åhs Karlsson	CC BY 3.0	https://commons.wikimedia.org/wiki/File:ABBA_2008_Av_Daniel_%C3%85hs.jpg
189054	189054.webp	Batman Returns (1992)	Kubrick 574	Public domain	https://commons.wikimedia.org/wiki/File:Batman_returns_Logo_(2).png
189330	189330.webp	The Dark Knight Rises (2012)	EEIM	Public domain	https://commons.wikimedia.org/wiki/File:Batman_3.JPG
189505	189505.webp	Jaws (1975)	Roger Kastel	Public domain	https://commons.wikimedia.org/wiki/File:Jaws_movie_poster.png
189540	189540.webp	Seven Samurai (1954)	Copyright © 1954 by en:Toho Studios.	Public domain	https://commons.wikimedia.org/wiki/File:Seven_Samurai_poster2.jpg
189600	189600.webp	The Matrix Reloaded (2003)	Jamie Zawinski (program); Church of emacs (screenshot)	Attribution	https://commons.wikimedia.org/wiki/File:The.Matrix.glmatrix.2.png
190050	190050.webp	Fight Club (1999)	Kky	CC BY-SA 4.0	https://commons.wikimedia.org/wiki/File:Fight_Club_logo1.png
190086	190086.webp	Some Like It Hot (1959)	Designed by Macario Gómez Quibus. "Copyright 1959 – United Artists Corp.".	Public domain	https://commons.wikimedia.org/wiki/File:Some_Like_It_Hot_(1959_poster).png
190145	190145.webp	Spider-Man 2 (2004)	Unknown authorUnknown author	Public domain	https://commons.wikimedia.org/wiki/File:Spider-Man_2-Logo.svg
190525	190525.webp	Memento (2000)	Diseñadores publicitarios	Public domain	https://commons.wikimedia.org/wiki/File:Memento.svg
190643	190643.webp	Platoon (1986)	Marmolejo1489	CC0	https://commons.wikimedia.org/wiki/File:Platoon_movie_logo.png
190908	190908.webp	Seven (1995)	Machete kills	CC BY-SA 4.0	https://commons.wikimedia.org/wiki/File:Seven-1995.png
190956	190956.webp	Amadeus (1984)	Peter Sís; Orion Pictures	Public domain	https://commons.wikimedia.org/wiki/File:Amadeus_poster_logo.png
191040	191040.webp	Mr. & Mrs. Smith (2005)	Regency Enterprises	Public domain	https://commons.wikimedia.org/wiki/File:Mr._et_Mrs._Smith_(film%2C_2005)-_logo.png
191100	191100.webp	Transformers: Revenge of the Fallen (2009)	MichaelCorloene234	CC BY-SA 3.0	https://commons.wikimedia.org/wiki/File:Revenge_fallen_logo.jpg
191543	191543.webp	Terminator Salvation (2009)	Terminator Salvation	Public domain	https://commons.wikimedia.org/wiki/File:Terminatorsalvation-logo.svg
192115	192115.webp	Sin City (2005)	Sin City (Film)	Public domain	https://commons.wikimedia.org/wiki/File:Sincity-logo.svg
192686	192686.webp	Prometheus (2012)	Diseñadores publicitarios	Public domain	https://commons.wikimedia.org/wiki/File:Prometheus.svg
192934	192934.webp	Angels & Demons (2009)	Thesocialistesq	CC BY-SA 3.0	https://commons.wikimedia.org/wiki/File:Angels%26DemonsPantheon.JPG
193066	193066.webp	Breakfast at Tiffany's (1961)	Designed by Robert McGinnis. "Copyright © 1961 by Paramount Pictures Corporation and Jurow Shepherd…	Public domain	https://commons.wikimedia.org/wiki/File:Breakfast_at_Tiffany's_(1961_poster).jpg
193570	193570.webp	Sunset Boulevard (1950)	"Copyright 1950 Paramount Pictures Corporation"	Public domain	https://commons.wikimedia.org/wiki/File:Sunset_Boulevard_(1950_poster).jpg
193695	193695.webp	The Wizard of Oz (1939)	MGM	Public domain	https://commons.wikimedia.org/wiki/File:WIZARD_OF_OZ_ORIGINAL_POSTER_1939.jpg
194413	194413.webp	Pearl Harbor (2001)	pearl harbor	Public domain	https://commons.wikimedia.org/wiki/File:Pearlharbor-logo.svg
196665	196665.webp	8 Mile (2002)	Imagine Entertainment/Mikona Productions	Public domain	https://commons.wikimedia.org/wiki/File:8-Mile-Logo.svg
197491	197491.webp	The Wolverine (2013)	20th Century Fox	Public domain	https://commons.wikimedia.org/wiki/File:Wolverine_Weg_des_Kriegers.png
200299	200299.webp	All About Eve (1950)	"Copyright 1950 By Twentieth Century-Fox Film Corp."	Public domain	https://commons.wikimedia.org/wiki/File:All_About_Eve_(1950_poster_-_retouch).jpg
200437	200437.webp	Stalker (1979)	Andrei Tarkovsky	Public domain	https://commons.wikimedia.org/wiki/File:%D0%A1%D1%82%D0%B0%D0%BB%D0%BA%D0%B5%D1%80_logo.png
200572	200572.webp	I, Robot (2004)	Shao19	CC BY-SA 3.0	https://commons.wikimedia.org/wiki/File:Irobot_head.jpg
200672	200672.webp	Notting Hill (1999)	Rob Koster	CC BY-SA 4.0	https://commons.wikimedia.org/wiki/File:Notting_Hill.JPG
200804	200804.webp	Predator (1987)	Mike Pearson	Public domain	https://commons.wikimedia.org/wiki/File:Predator_logo.jpg
200873	200873.webp	The Lost World: Jurassic Park (1997)	Cygomezm	Public domain	https://commons.wikimedia.org/wiki/File:The_lost_world-logo.svg
201215	201215.webp	My Fair Lady (1964)	unknown (Warner Bros.)	Public domain	https://commons.wikimedia.org/wiki/File:Harry_Stradling-Audrey_Hepburn_in_My_Fair_Lady.jpg
201293	201293.webp	Roman Holiday (1953)	Designer unknown. "Copyright 1953 by Paramount Pictures Inc."	Public domain	https://commons.wikimedia.org/wiki/File:Roman_Holiday_(1953_poster).jpg
201674	201674.webp	The Deer Hunter (1978)	EMI Films	Public domain	https://commons.wikimedia.org/wiki/File:The_deer_hunter_Title.jpg
201819	201819.webp	District 9 (2009)	Daniel Lafranca	Public domain	https://commons.wikimedia.org/wiki/File:D9_Logo.jpg
202028	202028.webp	War of the Worlds (2005)	MilesPeterson	CC BY 2.5	https://commons.wikimedia.org/wiki/File:WarOfTheWorlds-Set.jpg
202326	202326.webp	The Godfather Part III (1990)	Paramount Pictures	Public domain	https://commons.wikimedia.org/wiki/File:Godfather_3_logo.svg
202548	202548.webp	Vertigo (1958)	Saul Bass	Public domain	https://commons.wikimedia.org/wiki/File:Vertigomovie.jpg
204057	204057.webp	Philadelphia (1993)	Versatile Aure	CC BY 2.0	https://commons.wikimedia.org/wiki/File:Philadelphia-CityHall-2006.jpg
204191	204191.webp	It's a Wonderful Life (1946)	"Copyright 1946 RKO Radio Pictures Inc."	Public domain	https://commons.wikimedia.org/wiki/File:It's_a_Wonderful_Life_(1946_poster).jpeg
204212	204212.webp	Rebecca (1940)	"© 1939 by United Artists Corporation."	Public domain	https://commons.wikimedia.org/wiki/File:Rebecca_(1939_poster).jpeg
204374	204374.webp	The Help (2011)	Dreamwork Pictures	Public domain	https://commons.wikimedia.org/wiki/File:The_Help_Logo.svg
204398	204398.webp	Octopussy (1983)	No machine-readable author provided. Hannibal assumed (based on copyright claims).	Public domain	https://commons.wikimedia.org/wiki/File:Octopussy_circus.jpg
205028	205028.webp	Iron Man 2 (2010)	Versedi	Public domain	https://commons.wikimedia.org/wiki/File:Iron_Man_2_2010_Movie_Logo.svg
205447	205447.webp	Ocean's Eleven (2001)	Photo by Airman 1st Class Tanaya M. Harms	Public domain	https://commons.wikimedia.org/wiki/File:Pitt_Clooney_Damon.jpg
206374	206374.webp	The Expendables (2010)	Unknown authorUnknown author	Public domain	https://commons.wikimedia.org/wiki/File:The_Expendables_Filmlogo.jpg
206388	206388.webp	Once Upon a Time in America (1984)	The Ladd Company	Public domain	https://commons.wikimedia.org/wiki/File:C'era_una_volta_in_America.png
206576	206576.webp	Hugo (2011)	Richardsonwow	CC BY-SA 3.0	https://commons.wikimedia.org/wiki/File:Hugo_logo.png
207130	207130.webp	The Last Samurai (2003)	the last samurai film	Public domain	https://commons.wikimedia.org/wiki/File:Thelastsamurai-logo.svg
207536	207536.webp	The Matrix Revolutions (2003)	Jamie Zawinski (program); Church of emacs (screenshot)	Attribution	https://commons.wikimedia.org/wiki/File:The.Matrix.glmatrix.2.png
207588	207588.webp	From Here to Eternity (1953)	"Copyright 1953 Columbia Pictures Corp."	Public domain	https://commons.wikimedia.org/wiki/File:From_Here_to_Eternity_(1953_poster).jpg
207698	207698.webp	Kingdom of Heaven (2005)	20th Century Fox	Public domain	https://commons.wikimedia.org/wiki/File:Le_crociate_-_Kingdom_of_Heaven.png
207916	207916.webp	Tomorrow Never Dies (1997)	Rumensz	Public domain	https://commons.wikimedia.org/wiki/File:Tomorrow_Never_Dies_logo.svg
207954	207954.webp	Pretty Woman (1990)	Touchstone Pictures / Silver Screen Partners IV	Public domain	https://commons.wikimedia.org/wiki/File:Pretty_Woman_-_logo.png
208263	208263.webp	The Green Mile (1999)	Original: Warner Bros. Pictures & Castle Rock Entertainment Vectorization: Logovectorizer	Public domain	https://commons.wikimedia.org/wiki/File:The_Green_Mile_logo.svg
208266	208266.webp	Out of Africa (1985)	Mavelus	Public domain	https://commons.wikimedia.org/wiki/File:Out_of_Africa.png
208269	208269.webp	Eternal Sunshine of the Spotless Mind (2004)	Cygomezm	Public domain	https://commons.wikimedia.org/wiki/File:Eternal-Sunshine-of-the-Spotless-Mind-logo-movie.svg
208344	208344.webp	Armageddon (1998)	NASA or National Aeronautics and Space Administration	Public domain	https://commons.wikimedia.org/wiki/File:ArmageddonPremiere98.jpg
208572	208572.webp	American History X (1998)	Schreibwerkzeug	CC BY-SA 4.0	https://commons.wikimedia.org/wiki/File:American_History_X_Logo.png
208632	208632.webp	It Happened One Night (1934)	Columbia Pictures Corp.	Public domain	https://commons.wikimedia.org/wiki/File:It-happened-one-night-poster.jpg
209170	209170.webp	Mary Poppins (1964)	Trailer screenshot	Public domain	https://commons.wikimedia.org/wiki/File:Mary_Poppins5.jpg
209481	209481.webp	Eyes Wide Shut (1999)	Warner Bros.	Public domain	https://commons.wikimedia.org/wiki/File:Eyes_wide_shut_logo.jpg
209538	209538.webp	Iron Man 3 (2013)	Versedi	Public domain	https://commons.wikimedia.org/wiki/File:Iron_Man_3_-_2013_movie_logo.svg
209667	209667.webp	Volver (2006)	FLC001	CC0	https://commons.wikimedia.org/wiki/File:Volver_Logo.png
210364	210364.webp	Shutter Island (2010)	Unknown authorUnknown author	Public domain	https://commons.wikimedia.org/wiki/File:Shutter_Island.png
210756	210756.webp	The Thing (1982)	Universal Pictures	Public domain	https://commons.wikimedia.org/wiki/File:The_Thing_1982_publicity_still.jpg
210812	210812.webp	The Expendables 2 (2012)	Sylvester_Stallone_Comic-Con_2010.jpg: Gage Skidmore Jason Statham TIFF 2011.jpg: fadedcaralunagirl…	CC BY-SA 3.0	https://commons.wikimedia.org/wiki/File:The_Expendables_2_Cast_Roster.jpg
211372	211372.webp	On the Waterfront (1954)	Illustrator unknown. "Copyright 1954 – Columbia Pictures Corp.".	Public domain	https://commons.wikimedia.org/wiki/File:On_the_Waterfront_(1954_poster).jpg
211373	211373.webp	Driving Miss Daisy (1989)	Alan Light	CC BY 2.0	https://commons.wikimedia.org/wiki/File:Jessica_Tandy_%26_Hume_Cronyn.jpg
212123	212123.webp	Vicky Cristina Barcelona (2008)	User:Sono pazzi	CC BY-SA 3.0	https://commons.wikimedia.org/wiki/File:Scarlett_Johansson.jpg
212129	212129.webp	A Streetcar Named Desire (1951)	Bill Gold	Public domain	https://commons.wikimedia.org/wiki/File:A_Streetcar_Named_Desire_(1951).jpg
212145	212145.webp	The World Is Not Enough (1999)	MGM	Public domain	https://commons.wikimedia.org/wiki/File:Logo_twine_us_uk_a.svg
212689	212689.webp	I Am Legend (2007)	Diseñadores publicitarios	Public domain	https://commons.wikimedia.org/wiki/File:I_am_legend.svg
212775	212775.webp	The Last Emperor (1987)	Fred Hsu (Wikipedia:User:Fredhsu on en.wikipedia)	CC BY-SA 3.0	https://commons.wikimedia.org/wiki/File:Tobu_World_Square_Forbidden_City_Last_Emperor_1.jpg
212804	212804.webp	The Ring (2002)	Cygomezm	Public domain	https://commons.wikimedia.org/wiki/File:The-ring-logo.svg
212965	212965.webp	The Hunger Games (2012)	Lionsgate Studios	Public domain	https://commons.wikimedia.org/wiki/File:The_Hunger_Games_(Liongate_films)_logo.svg
213012	213012.webp	Open Season (2006)	Sony Pictures Animation	Public domain	https://commons.wikimedia.org/wiki/File:Open_season_logo.PNG
213053	213053.webp	Superman (1978)	DC Comics	Public domain	https://commons.wikimedia.org/wiki/File:Superman_S_symbol.svg
213081	213081.webp	Star Trek (2009)	Vilnisr	Public domain	https://commons.wikimedia.org/wiki/File:Star_Trek_movie_logo.svg
213208	213208.webp	The Fast and the Furious: Tokyo Drift (2006)	the fast and the furious: Tokyo Drift	Public domain	https://commons.wikimedia.org/wiki/File:Tfatf-tokyodrift-logo.svg
213411	213411.webp	Cast Away (2000)	20th Century Fox	Public domain	https://commons.wikimedia.org/wiki/File:Cast_Away_-_Logo.png
214723	214723.webp	The Gold Rush (1925)	Charles Chaplin Productions / United Artists	Public domain	https://commons.wikimedia.org/wiki/File:Gold_rush_poster.jpg
214801	214801.webp	The Truman Show (1998)	Unknown authorUnknown author	Public domain	https://commons.wikimedia.org/wiki/File:The_Truman_Show.png
216006	216006.webp	Pan's Labyrinth (2006)	IgorCalzone1	Public domain	https://commons.wikimedia.org/wiki/File:Pans_Labyrinth_(deutsch)_Titel_2011.jpg
216720	216720.webp	The Rock (1996)	druchoy	CC BY-SA 2.0	https://commons.wikimedia.org/wiki/File:Alcatraz_aerial.jpg
217020	217020.webp	Thor (2011)	Marvel Studios	CC BY-SA 4.0	https://commons.wikimedia.org/wiki/File:Thor_2011_png_logo.png
217182	217182.webp	Edward Scissorhands (1990)	John Seb Barber from Leeds, UK	CC BY 2.0	https://commons.wikimedia.org/wiki/File:Edward_Scissorhands_(8229090895).jpg
217189	217189.webp	The Seventh Seal (1957)	Louis Hutch	Public domain	https://commons.wikimedia.org/wiki/File:Sjunde_inseglet_1957.jpg
217220	217220.webp	Patton (1970)	EliaRueda	CC BY 4.0	https://commons.wikimedia.org/wiki/File:Poster_Cine_Felix.jpg
217552	217552.webp	X-Men Origins: Wolverine (2009)	Eva Rinaldi	CC BY-SA 2.0	https://commons.wikimedia.org/wiki/File:Wolverine_(7343567212)_(retouched).jpg
217627	217627.webp	The Graduate (1967)	Embassy Pictures	Public domain	https://commons.wikimedia.org/wiki/File:1968_-_Colonial_Theater_-_24_Apr_MC_-_Allentown_PA.jpg
218172	218172.webp	Zodiac (2007)	Machete kills	CC BY-SA 4.0	https://commons.wikimedia.org/wiki/File:Zodiaclogo.png
218235	218235.webp	Charlie and the Chocolate Factory (2005)	Terry Robinson	CC BY-SA 2.0	https://commons.wikimedia.org/wiki/File:Dragon_Con_2016_Charlie_and_the_Chocolate_Factory_cosplayers.jpg
219315	219315.webp	The Hangover (2009)	Diseñadores publicitarios	Public domain	https://commons.wikimedia.org/wiki/File:The_hangover.svg
219421	219421.webp	The Mask (1994)	the mask	Public domain	https://commons.wikimedia.org/wiki/File:Themask-logo.svg
219424	219424.webp	Scary Movie (2000)	Miramax	Public domain	https://commons.wikimedia.org/wiki/File:Scary_Movie_film_series_logo.png
219776	219776.webp	X2 (2003)	Marvel	Public domain	https://commons.wikimedia.org/wiki/File:X2x-menunitedlogo.jpg
219810	219810.webp	Zombieland (2009)	https://www.flickr.com/photos/bobbyprom/	CC BY 2.0	https://commons.wikimedia.org/wiki/File:Zombieland_panel.jpg
220394	220394.webp	The Birth of a Nation (1915)	Unknown authorUnknown author	Public domain	https://commons.wikimedia.org/wiki/File:Birth_of_a_Nation_theatrical_poster.jpg
220735	220735.webp	The French Connection (1971)	20th Century Fox (now part of Walt Disney Pictures)	Public domain	https://commons.wikimedia.org/wiki/File:French_connection_intertitle.png
220741	220741.webp	City of God (2002)	Schreibwerkzeug	CC BY-SA 4.0	https://commons.wikimedia.org/wiki/File:City_of_God_(Film)_Logo.png
220780	220780.webp	Raging Bull (1980)	United Artists	Public domain	https://commons.wikimedia.org/wiki/File:Wie_ein_wilder_Stier_Logo.png
220910	220910.webp	Casino (1995)	Original: Universal Pictures Vectorization: Logovectorizer	Public domain	https://commons.wikimedia.org/wiki/File:Casino_logo.svg
221075	221075.webp	28 Days Later (2002)	DNA Films/British Film Council	Public domain	https://commons.wikimedia.org/wiki/File:28-Days-Later-Logo.svg
221090	221090.webp	Children of Men (2006)	FR	CC BY-SA 3.0	https://commons.wikimedia.org/wiki/File:Children_of_Men_Baby.JPG
221103	221103.webp	Halloween (1978)	Halloween6	Public domain	https://commons.wikimedia.org/wiki/File:Halloween_(1978)_Logo.JPG
221109	221109.webp	The Butterfly Effect (2004)	Machete kills	CC BY-SA 4.0	https://commons.wikimedia.org/wiki/File:The_Butterfly_Effect_(2004).png
221113	221113.webp	A.I. Artificial Intelligence (2001)	Cygomezm	Public domain	https://commons.wikimedia.org/wiki/File:Ai-artificial-intelligence-logo.svg
221168	221168.webp	X-Men: The Last Stand (2006)	popculturegeek.com from Los Angeles, CA, USA	CC BY 2.0	https://commons.wikimedia.org/wiki/File:XMen3e3.jpg
221236	221236.webp	Star Trek: First Contact (1996)	Paramount Pictures	Public domain	https://commons.wikimedia.org/wiki/File:Star_Trek_First_Contact_logo.png
221249	221249.webp	Tootsie (1982)	Jan Sarkandr Tománek	CC BY-SA 4.0	https://commons.wikimedia.org/wiki/File:Tootsie_-_plak%C3%A1t_Jan_Sarkandr_Tom%C3%A1nek.jpg
221305	221305.webp	Star Trek III: The Search for Spock (1984)	Paramount Pictures	Public domain	https://commons.wikimedia.org/wiki/File:Star_Trek_III_The_Search_for_Spock_logo.png
221345	221345.webp	Batman Forever (1995)	Warner Bros.	Public domain	https://commons.wikimedia.org/wiki/File:Batman_forever.svg
221462	221462.webp	The Maltese Falcon (1941)	Vitagraph Inc., a subsidiary of Warner Bros. at the time of publication.	Public domain	https://commons.wikimedia.org/wiki/File:The_Maltese_Falcon_(1941_film_poster).jpg
221586	221586.webp	Mystic River (2003)	Mystic River (Film)	Public domain	https://commons.wikimedia.org/wiki/File:Mysticriver-logo.svg
221852	221852.webp	Fahrenheit 9/11 (2004)	Georges Biard	CC BY-SA 3.0	https://commons.wikimedia.org/wiki/File:Michael_Moore_Cannes.jpg
222018	222018.webp	Total Recall (1990)	TriStar Pictures	Public domain	https://commons.wikimedia.org/wiki/File:TotalRecall_2012_logo.PNG
222023	222023.webp	The Chronicles of Narnia: Prince Caspian (2008)	KhE 龙	CC BY 2.0	https://commons.wikimedia.org/wiki/File:Prince_Caspian's_Festival.PNG
222720	222720.webp	Fargo (1996)	Original: PolyGram Filmed Entertainment & Working Title Films Vectorization: Logovectorizer	Public domain	https://commons.wikimedia.org/wiki/File:Fargo_logo.svg
222867	222867.webp	2 Fast 2 Furious (2003)	2fast 2furious	Public domain	https://commons.wikimedia.org/wiki/File:2fast2furious-logo.svg
223139	223139.webp	North by Northwest (1959)	Copyrighted by Loew's, Incorporated. Incorporates artwork by Saul Bass	Public domain	https://commons.wikimedia.org/wiki/File:Northbynorthwest1.jpg
223316	223316.webp	The Devil Wears Prada (2006)	El javo 20th century fox	Public domain	https://commons.wikimedia.org/wiki/File:The_devil_wears_prada_logotipo.jpg
223374	223374.webp	The Notebook (2004)	Unknown authorUnknown author	Public domain	https://commons.wikimedia.org/wiki/File:Wieeineinzigertag-logo.svg
223559	223559.webp	Robin Hood (2010)	BabelStone	Public domain	https://commons.wikimedia.org/wiki/File:Bourne_Wood_Movie_Castle.jpg
223596	223596.webp	X-Men: First Class (2011)	Schreibwerkzeug	CC BY-SA 4.0	https://commons.wikimedia.org/wiki/File:X-Men_%E2%80%93_First_Class_Logo.png
224004	224004.webp	Topaz (1969)	Screenshot	Public domain	https://commons.wikimedia.org/wiki/File:Topaz_wounded_Subor_Jade_Robin.jpg
224130	224130.webp	Fantastic Four (2005)	Marvel Comics	Public domain	https://commons.wikimedia.org/wiki/File:Fantastic_Four_logo.svg
224647	224647.webp	The Devil's Advocate (1997)	Machete kills	CC BY-SA 4.0	https://commons.wikimedia.org/wiki/File:Devils-advocate.png
228186	228186.webp	Lawrence of Arabia (1962)	Incorporates artwork by Howard Terpning	Public domain	https://commons.wikimedia.org/wiki/File:Lawrence_of_arabia_ver3_xxlg.jpg
229808	229808.webp	The Amazing Spider-Man (2012)	Diseñadores publicitarios	Public domain	https://commons.wikimedia.org/wiki/File:The_amazing_Spider-Man.svg
230552	230552.webp	Back to the Future Part III (1990)	Universal Pictures/UIP	Public domain	https://commons.wikimedia.org/wiki/File:Zur%C3%BCck_in_die_zukunft_3_logo.svg
232009	232009.webp	Harry Potter and the Deathly Hallows – Part 2 (2011)	HarshLight from San Jose, CA, USA	CC BY 2.0	https://commons.wikimedia.org/wiki/File:Gringotts_Dragon_(42428027095).jpg
232774	232774.webp	Transformers: Dark of the Moon (2011)	Martin Dougiamas at https://www.flickr.com/photos/moodler/	CC BY 2.0	https://commons.wikimedia.org/wiki/File:Transformers3ActorsSetJuly10.jpg
233464	233464.webp	Annie Hall (1977)	United Artists	Public domain	https://commons.wikimedia.org/wiki/File:Annie_Hall_logo.png
235347	235347.webp	John Carter (2012)	Walt Disney Pictures	Public domain	https://commons.wikimedia.org/wiki/File:John_Carter_Logo.svg
237116	237116.webp	Marty (1955)	"Copyright 1955 United Artists Corp."	Public domain	https://commons.wikimedia.org/wiki/File:Marty_(1955_film_poster).jpg
237134	237134.webp	The Lost Weekend (1945)	Illustrator unknown. "Copyright 1945 Paramount Pictures Inc."	Public domain	https://commons.wikimedia.org/wiki/File:The_Lost_Weekend_(1945_film).jpg
238211	238211.webp	City Lights (1931)	Hap Hadley	Public domain	https://commons.wikimedia.org/wiki/File:City_Lights_(1931_theatrical_poster_-_retouched).jpg
239756	239756.webp	Wild Strawberries (1957)	Louis Huch (1896–1961), at SF 1930–60	Public domain	https://commons.wikimedia.org/wiki/File:Ingmar_Bergman_Smultronstallet.jpg
241504	241504.webp	Rocky III (1982)	Schreibwerkzeug	CC BY-SA 4.0	https://commons.wikimedia.org/wiki/File:Rocky_III_Logo.png
243439	243439.webp	Full Metal Jacket (1987)	Stanley Kubrick	Public domain	https://commons.wikimedia.org/wiki/File:Full_Metal_Jacket_Logo.png
244257	244257.webp	The Tree of Life (2011)	Georges Biard	CC BY-SA 3.0	https://commons.wikimedia.org/wiki/File:Brad_Pitt_Cannes_2011.jpg
244315	244315.webp	There Will Be Blood (2007)	ブルッウ	Public domain	https://commons.wikimedia.org/wiki/File:There_Will_Be_Blood_logo.jpg
244448	244448.webp	How Green Was My Valley (1941)	"Copyright by Twentieth Century-Fox Film Corp. MCMXLI"	Public domain	https://commons.wikimedia.org/wiki/File:How_Green_Was_My_Valley_(1941_poster_-_Style_B).jpg
245172	245172.webp	Prince of Persia: The Sands of Time (2010)	Diseñadores publicitarios	Public domain	https://commons.wikimedia.org/wiki/File:Prince_of_Persia_-_The_sands_of_time.svg
245208	245208.webp	High Noon (1952)	"Copyright 1952 – United Artists Corporation."	Public domain	https://commons.wikimedia.org/wiki/File:High_Noon_(1952_poster).jpg
246656	246656.webp	Grand Hotel (1932)	MGM	Public domain	https://commons.wikimedia.org/wiki/File:Grand_Hotel_lobby_card.jpg
251997	251997.webp	Cimarron (1931)	RKO Radio Pictures	Public domain	https://commons.wikimedia.org/wiki/File:1931_-_Embassy_and_Strand_Theaters_Ad_-_1_Mar_MC_-_Allentown_PA.jpg
252409	252409.webp	Déjà Vu (2006)	dental ben	CC BY-SA 2.0	https://commons.wikimedia.org/wiki/File:Deja_Vu_movie_set_at_Gravier_and_Claiborne.jpg
253978	253978.webp	Dirty Dancing (1987)	Unknown authorUnknown author	Public domain	https://commons.wikimedia.org/wiki/File:Logo_Dirty_Dancing.svg
255342	255342.webp	Rush Hour (1998)	Schreibwerkzeug	CC BY-SA 4.0	https://commons.wikimedia.org/wiki/File:Rush_Hour_(Film)_Logo.png
269912	269912.webp	Into the Wild (2007)	Machete kills	CC0	https://commons.wikimedia.org/wiki/File:Into_the_Wild.png
270215	270215.webp	Contact (1997)	Egon Eagle	CC BY-SA 3.0	https://commons.wikimedia.org/wiki/File:Contact_uniforms.jpg
270470	270470.webp	Peter Pan (1953)	Illustrator unknown. "Copyright 1952 RKO Radio Pictures Inc."	Public domain	https://commons.wikimedia.org/wiki/File:Peter_Pan_(1953_poster).jpg
270510	270510.webp	The Apartment (1960)	"Copyright © 1960 – United Artists Corporation".	Public domain	https://commons.wikimedia.org/wiki/File:The_Apartment_(1960_poster).jpg
270599	270599.webp	Scream 2 (1997)	Studiocanal	Public domain	https://commons.wikimedia.org/wiki/File:Scream_2_logo.jpg
271830	271830.webp	The Third Man (1949)	"Copyright 1949 Selznick Releasing Organization, Inc. Country of Origin U.S.A."	Public domain	https://commons.wikimedia.org/wiki/File:The_Third_Man_(1949_American_theatrical_poster).jpg
272036	272036.webp	Wings (1927)	Paramount Famouse Lasky Corp.	Public domain	https://commons.wikimedia.org/wiki/File:Wings_(1927)_poster.jpg
272064	272064.webp	The Living Daylights (1987)	Unknown authorUnknown author	Public domain	https://commons.wikimedia.org/wiki/File:Logo_tld_de.svg
272599	272599.webp	All Quiet on the Western Front (1930)	Karoly Grosz	Public domain	https://commons.wikimedia.org/wiki/File:All_Quiet_on_the_Western_Front_(1930_film)_poster.jpg
272608	272608.webp	Mulholland Drive (2001)	Original: Universal Pictures & StudioCanal Vectorization: Logovectorizer	Public domain	https://commons.wikimedia.org/wiki/File:Mulholland_Drive_logo.svg
272860	272860.webp	The Elephant Man (1980)	Marmolejo1489	Public domain	https://commons.wikimedia.org/wiki/File:The_Elephant_Man_Movie_Logo.png
273704	273704.webp	West Side Story (1961)	Joe Caroff	Public domain	https://commons.wikimedia.org/wiki/File:West_Side_Story_1961_film_poster.jpg
274167	274167.webp	The Exorcist (1973)	SDC at English Wikipedia	Public domain	https://commons.wikimedia.org/wiki/File:Exorcist_steps.jpg
275120	275120.webp	Captain America: The First Avenger (2011)	Marvel Studios	Public domain	https://commons.wikimedia.org/wiki/File:Captain_America_The_First_Avenger_2011_Movie_Logo.svg
275553	275553.webp	Changeling (2008)	derivative work: Wikisteve (talk) Angelina_Jolie_on_the_set_of_Changeling_by_Monique_Autrey.jpg: Mo…	CC BY 2.0	https://commons.wikimedia.org/wiki/File:Angelina_Jolie_on_the_set_of_Changeling_by_Monique_Autrey_(cropped).jpg
276392	276392.webp	Saw III (2006)	Aonvart	CC BY-SA 4.0	https://commons.wikimedia.org/wiki/File:Saw3-logo.png
276415	276415.webp	A Cinderella Story (2004)	Warner Bros.	Public domain	https://commons.wikimedia.org/wiki/File:A_Cinderella_Story_logo.png
276523	276523.webp	Batman & Robin (1997)	Batman & Robin	Public domain	https://commons.wikimedia.org/wiki/File:Logo_batman_4.png
276769	276769.webp	The Searchers (1956)	Bill Gold	Public domain	https://commons.wikimedia.org/wiki/File:SearchersPoster-BillGold.jpg
278997	278997.webp	Big Fish (2003)	Roger Araujo Llamas	CC BY-SA 4.0	https://commons.wikimedia.org/wiki/File:Big_Fish.jpg
279274	279274.webp	Bridge to Terabithia (2007)	Walt Disney Pictures	Public domain	https://commons.wikimedia.org/wiki/File:Bridge_to_Terabithia_film_logo.png
288173	288173.webp	Mission: Impossible III (2006)	Mission: Impossible III	Public domain	https://commons.wikimedia.org/wiki/File:Mi3-logo.svg
302174	302174.webp	I Know What You Did Last Summer (1997)	Wacky25	Public domain	https://commons.wikimedia.org/wiki/File:Le_pacte_du_silence.PNG
308920	308920.webp	The Discreet Charm of the Bourgeoisie (1972)	René Ferracci	Public domain	https://commons.wikimedia.org/wiki/File:The_Discreet_Charm_of_the_Bourgeoisie_-_US_Poster.jpg
308929	308929.webp	Training Day (2001)	Schreibwerkzeug	CC BY-SA 4.0	https://commons.wikimedia.org/wiki/File:Training_Day_Logo.png
309003	309003.webp	Conan the Barbarian (1982)	Nhathurhal	CC BY-SA 4.0	https://commons.wikimedia.org/wiki/File:Pbernal2.jpg
309048	309048.webp	King Kong (1933)	Unknown authorUnknown author	Public domain	https://commons.wikimedia.org/wiki/File:Kingkongposter.jpg
309086	309086.webp	Licence to Kill (1989)	Unknown authorUnknown author	Public domain	https://commons.wikimedia.org/wiki/File:Licensetokill-logo.svg
309153	309153.webp	Singin' in the Rain (1952)	"Copyright 1952 Loew's Incorporated"	Public domain	https://commons.wikimedia.org/wiki/File:Singin'_in_the_Rain_(1952_poster).jpg
309289	309289.webp	The Man with the Golden Gun (1974)	Unknown authorUnknown author	Public domain	https://commons.wikimedia.org/wiki/File:Themanwithtgg-logo.svg
319783	319783.webp	Rambo: First Blood Part II (1985)	Freddycastillo9871	CC BY-SA 4.0	https://commons.wikimedia.org/wiki/File:Rambo-_First_Blood_Part_II.png
320384	320384.webp	Beetlejuice (1988)	Mr Bullitt from Sweden	CC BY 3.0	https://commons.wikimedia.org/wiki/File:Beetlejuice_at_Universal_Studios_Hollywood.JPG
320423	320423.webp	The Spy Who Loved Me (1977)	Unknown authorUnknown author	Public domain	https://commons.wikimedia.org/wiki/File:Logo_the_spy_who_loved_me_de.svg
320588	320588.webp	Close Encounters of the Third Kind (1977)	Sanjay Acharya	CC BY-SA 4.0	https://commons.wikimedia.org/wiki/File:Mother_Ship_Model_-_Close_Encounters_of_the_Third_Kind.jpg
321561	321561.webp	Scent of a Woman (1992)	Kky	CC BY-SA 4.0	https://commons.wikimedia.org/wiki/File:Scent_of_a_Woman_logo.png
323472	323472.webp	The Fighter (2010)	Diseñadores publicitarios	Public domain	https://commons.wikimedia.org/wiki/File:The_fighter.svg
323827	323827.webp	Doctor Zhivago (1965)	Logo: Metro-Goldwyn-Mayer Crop: Eletro 16	Public domain	https://commons.wikimedia.org/wiki/File:Il_dottor_%C5%BDivago_logo.png
325662	325662.webp	Aguirre, the Wrath of God (1972)	Poster design by Sawyer Studios. Poster illustration by Michael J. Deas. Distributed by New Yorker…	Public domain	https://commons.wikimedia.org/wiki/File:Aguirre%2C_The_Wrath_of_God_(New_Yorker_Films%2C_1977).jpg
326114	326114.webp	True Grit (2010)	Machete kills	CC BY-SA 4.0	https://commons.wikimedia.org/wiki/File:True-grit.png
327604	327604.webp	The Evil Dead (1981)	Sam Raimi	Public domain	https://commons.wikimedia.org/wiki/File:Theevildead-logo.svg
327713	327713.webp	Men in Black 3 (2012)	Diseñadores publicitarios	Public domain	https://commons.wikimedia.org/wiki/File:Men_in_black_3.svg
328695	328695.webp	Superman Returns (2006)	Unknown authorUnknown author (Warner Bros.?)	Public domain	https://commons.wikimedia.org/wiki/File:Superman-Returns-Logo.png
329131	329131.webp	Jerry Maguire (1996)	Sony Pictures Releasing	Public domain	https://commons.wikimedia.org/wiki/File:Jerry_Maguire_logo.jpg
329434	329434.webp	A Nightmare on Elm Street (1984)	Marmolejo1489	CC0	https://commons.wikimedia.org/wiki/File:A_Nightmare_on_Elm_Street_movie_logo.png
329448	329448.webp	Public Enemies (2009)	Universal	Public domain	https://commons.wikimedia.org/wiki/File:Public_Enemies_Logo.png
329709	329709.webp	Mutiny on the Bounty (1935)	Employee(s) of Metro-Goldwyn-Mayer	Public domain	https://commons.wikimedia.org/wiki/File:Poster_-_Mutiny_on_the_Bounty_(1935).jpg
331617	331617.webp	Enter the Dragon (1973)	Leo-setä, DestinationFearFan, Flickr, FlickreviewR 2, Totino9791	CC BY 2.0	https://commons.wikimedia.org/wiki/File:Enter_the_Dragon.jpg
332330	332330.webp	For Your Eyes Only (1981)	Unknown authorUnknown author	Public domain	https://commons.wikimedia.org/wiki/File:Logo_fyeo_de.svg
332348	332348.webp	Wall Street (1987)	Dam0812	CC BY-SA 4.0	https://commons.wikimedia.org/wiki/File:Wall_Street_1987_logo.png
332368	332368.webp	A View to a Kill (1985)	Eon Productions	Public domain	https://commons.wikimedia.org/wiki/File:Aviewtokill-logo.svg
332515	332515.webp	The Others (2001)	No machine-readable author provided. Nikita~commonswiki assumed (based on copyright claims).	CC BY-SA 2.5	https://commons.wikimedia.org/wiki/File:Nicole_Kidman(CannesRed_carpet).jpg
334780	334780.webp	Moonraker (1979)	Unknown authorUnknown author	Public domain	https://commons.wikimedia.org/wiki/File:Moonraker-logo.svg
337090	337090.webp	King Arthur (2004)	Touchstone Pictures	Public domain	https://commons.wikimedia.org/wiki/File:King_Arthur_Logo.svg
337881	337881.webp	Johnny English (2003)	Johnny English Strikes Again (Film)	Public domain	https://commons.wikimedia.org/wiki/File:Johnny_English_Title.png
339876	339876.webp	L.A. Confidential (1997)	James Ellroy, Warner Bros.	Public domain	https://commons.wikimedia.org/wiki/File:L.A._Confidential_Logo.png
372514	372514.webp	RoboCop (1987)	Orion Pictures	Public domain	https://commons.wikimedia.org/wiki/File:Robocop_1.png
374172	374172.webp	The Kid (1921)	First National	Public domain	https://commons.wikimedia.org/wiki/File:The_Kid_(1921)_poster.jpg
379873	379873.webp	Who Framed Roger Rabbit (1988)	movieposterdb.com; rotated by 270°	Public domain	https://commons.wikimedia.org/wiki/File:Who_Framed_Roger_Rabbit_logo.png
380996	380996.webp	Fast & Furious (2009)	Universal Studios	Public domain	https://commons.wikimedia.org/wiki/File:Fast-furious-logo-fast-furious.png
383355	383355.webp	Gentlemen Prefer Blondes (1953)	20th Century Fox	Public domain	https://commons.wikimedia.org/wiki/File:Gentlemen_Prefer_Blondes_1953_magazine_poster.jpg
384397	384397.webp	The African Queen (1951)	"Copyright 1952 United Artists Corp."	Public domain	https://commons.wikimedia.org/wiki/File:The_African_Queen_(1952_US_poster).jpg
387348	387348.webp	Alvin and the Chipmunks (2007)	Ross Bagdasarian Jr. - American animator Bagdasarian Productions - American film production company…	Public domain	https://commons.wikimedia.org/wiki/File:Logo_Alvin_and_the_Chipmunks_2007.svg
387601	387601.webp	Night at the Museum (2006)	20th Century Studios	Public domain	https://commons.wikimedia.org/wiki/File:Night-at-the-museum-logo.svg
390063	390063.webp	Fantastic Four: Rise of the Silver Surfer (2007)	Marvel Comics	Public domain	https://commons.wikimedia.org/wiki/File:Fantastic_Four_logo_(blue_and_white).svg
392355	392355.webp	Rambo III (1988)	Rambo III	Public domain	https://commons.wikimedia.org/wiki/File:Rambo_3_de.svg
399823	399823.webp	The Bridges of Madison County (1995)	Lance larsen (talk)	CC BY-SA 2.5	https://commons.wikimedia.org/wiki/File:Roseman_Bridge.jpg
400332	400332.webp	300: Rise of an Empire (2014)	Warner Bros. Pictures / Legendary Pictures	Public domain	https://commons.wikimedia.org/wiki/File:300roaelogo.svg
401976	401976.webp	Fast Five (2011)	Jack Zalium	CC BY 2.0	https://commons.wikimedia.org/wiki/File:Fast_Five_Cast.jpg
426346	426346.webp	Rebel Without a Cause (1955)	"Copyright 1955 Warner Bros Pictures Distributing Corporation"	Public domain	https://commons.wikimedia.org/wiki/File:Rebel_Without_a_Cause_(1955_poster).jpg
426828	426828.webp	Donnie Darko (2001)	DaftClub	CC BY-SA 4.0	https://commons.wikimedia.org/wiki/File:Donnie_Darko_logo.png
429969	429969.webp	Insomnia (2002)	Machete kills	CC BY-SA 4.0	https://commons.wikimedia.org/wiki/File:Insomnia.png
431252	431252.webp	Jackie Brown (1997)	Miramax	Public domain	https://commons.wikimedia.org/wiki/File:Jackie_Brown_logo.png
454398	454398.webp	The Smurfs (2011)	Sony Pictures Animation	Public domain	https://commons.wikimedia.org/wiki/File:The_Smurfs_(film)_logo.svg
458314	458314.webp	Alien Resurrection (1997)	The original uploader was Mr. Lama at Italian Wikipedia.	Public domain	https://commons.wikimedia.org/wiki/File:Alien_resurrection_logo.png
458629	458629.webp	Billy Elliot (2000)	Universal Studios	Public domain	https://commons.wikimedia.org/wiki/File:Billy_Elliot.png
458656	458656.webp	Dog Day Afternoon (1975)	Machete kills	CC BY-SA 4.0	https://commons.wikimedia.org/wiki/File:Dog-day-afternoon.png
461540	461540.webp	Hellboy (2004)	Marmolejo1489	Public domain	https://commons.wikimedia.org/wiki/File:Hellboy_movie_logo.png
462447	462447.webp	Lethal Weapon (1987)	Warner Studio	Public domain	https://commons.wikimedia.org/wiki/File:Lethal-weapon.jpg
463620	463620.webp	The Broadway Melody (1929)	MGM	Public domain	https://commons.wikimedia.org/wiki/File:Broadway_Melody_poster.jpg
463768	463768.webp	The Bucket List (2007)	Diseñadores publicitarios	Public domain	https://commons.wikimedia.org/wiki/File:The_bucket_list.svg
464032	464032.webp	Cinema Paradiso (1988)	Cristaldifilm, Les Films Ariane	Public domain	https://commons.wikimedia.org/wiki/File:Logo_film_Nuovo_Cinema_Paradiso.jpg
464964	464964.webp	The Dictator (2012)	Bex Walton	CC BY 2.0	https://commons.wikimedia.org/wiki/File:The_Dictator_takes_over_the_Carlton.jpg
465009	465009.webp	Desperado (1995)	Los Hooligans Productions	Public domain	https://commons.wikimedia.org/wiki/File:Desperado_-_logo.png
465087	465087.webp	The Jazz Singer (1927)	Unknown authorUnknown author	Public domain	https://commons.wikimedia.org/wiki/File:The_Jazz_Singer_1927_Poster.jpg
465227	465227.webp	The Village (2004)	Vigiem	CC BY-SA 2.0	https://commons.wikimedia.org/wiki/File:The_Village_-_Shyamalan05.jpg
465478	465478.webp	Star Trek II: The Wrath of Khan (1982)	Geom	Public domain	https://commons.wikimedia.org/wiki/File:THE_WRATH_OF_KHAN.svg
466611	466611.webp	The Incredible Hulk (2008)	Cygomezm	CC BY-SA 4.0	https://commons.wikimedia.org/wiki/File:The-incredible-hulk-logo.svg
468484	468484.webp	The Longest Day (1962)	trailer screenshot (20th Century Fox)	Public domain	https://commons.wikimedia.org/wiki/File:John_Wayne_in_The_Longest_Day_trailer.jpg
468697	468697.webp	Run Lola Run (1998)	Luiz Eduardo	CC BY 2.0	https://commons.wikimedia.org/wiki/File:Run_Lola_Run_apartment.jpg
468877	468877.webp	Going My Way (1944)	"Copyright 1944 Paramount Pictures Inc."	Public domain	https://commons.wikimedia.org/wiki/File:Going_My_Way_(1944_poster).jpg
470218	470218.webp	The Great Ziegfeld (1936)	Metro-Goldwyn-Mayer	Public domain	https://commons.wikimedia.org/wiki/File:Great-Ziegfeld-1936-Poster.jpg
470560	470560.webp	The Quiet Man (1952)	May incorporate artwork by Clement Hurel - see Nollen, Scott Allen (2013) Three Bad Men: John Ford,…	Public domain	https://commons.wikimedia.org/wiki/File:Poster_-_Quiet_Man%2C_The_01.jpg
471169	471169.webp	When Harry Met Sally (1989)	Rob Reiner	Public domain	https://commons.wikimedia.org/wiki/File:Harry%2C_ti_presento_Sally..._-_Logo_originale_del_film.jpg
471716	471716.webp	Barry Lyndon (1975)	Barry Lyndon	Public domain	https://commons.wikimedia.org/wiki/File:Barry_Lyndon_movie_logo.png
471842	471842.webp	Star Trek IV: The Voyage Home (1986)	Paramount Pictures	Public domain	https://commons.wikimedia.org/wiki/File:The_Voyage_Home_logo.png
474093	474093.webp	The Girl with the Dragon Tattoo (2011)	Baldur Bragason	CC BY-SA 4.0	https://commons.wikimedia.org/wiki/File:The_Girl_With_the_Dragon_Tattoo_2011.jpg
475693	475693.webp	Oldboy (2003)	CJ Entertainment	Public domain	https://commons.wikimedia.org/wiki/File:Oldboy_original_logo.jpg
478209	478209.webp	Double Indemnity (1944)	"Copyright 1944 Paramount Pictures Inc."	Public domain	https://commons.wikimedia.org/wiki/File:Double_Indemnity_(1944_poster).jpg
478366	478366.webp	Rocky II (1979)	Schreibwerkzeug	CC BY-SA 4.0	https://commons.wikimedia.org/wiki/File:Rocky_II_Logo.png
478371	478371.webp	Mrs. Miniver (1942)	"Copyright 1942 Loew's Incorporated"	Public domain	https://commons.wikimedia.org/wiki/File:Mrs._Miniver_(1942_poster_-_Style_C).jpg
478626	478626.webp	Starship Troopers (1997)	Unknown authorUnknown author	Public domain	https://commons.wikimedia.org/wiki/File:Logo_Starship_Troopers.png
483941	483941.webp	Schindler's List (1993)	DaftClub	Public domain	https://commons.wikimedia.org/wiki/File:Schindlers_List_logo.png
484048	484048.webp	Amélie (2001)	Claudie Ossard Productions / Reproduction : Kilyann Le Hen	Public domain	https://commons.wikimedia.org/wiki/File:Le_Fabuleux_Destin_d'Am%C3%A9lie_Poulain_logo.svg
484442	484442.webp	Spider-Man (2002)	Unknown authorUnknown author	Public domain	https://commons.wikimedia.org/wiki/File:Spider-Man-Logo.svg
484675	484675.webp	Léon: The Professional (1994)	Machete kills	CC BY-SA 4.0	https://commons.wikimedia.org/wiki/File:Leon_the_Professional.png
485803	485803.webp	The Chronicles of Narnia: The Lion, the Witch and the Wardrobe (2005)	Unknown	Public domain	https://commons.wikimedia.org/wiki/File:Chronicles_narnia_lion_witch_logo.png
486239	486239.webp	Saw (2003)	Lisandri AMX09	CC0	https://commons.wikimedia.org/wiki/File:Saw_movie_logo.png
487181	487181.webp	Requiem for a Dream (2000)	Original: Thousand Words & Protozoa Pictures Vectorization: Logovectorizer	Public domain	https://commons.wikimedia.org/wiki/File:Requiem_for_a_Dream_logo.svg
490464	490464.webp	Enchanted (2007)	Knulclunk	CC BY-SA 4.0	https://commons.wikimedia.org/wiki/File:116BtwBdwyRSD.jpg
491800	491800.webp	Gattaca (1997)	Unknown authorUnknown author	Public domain	https://commons.wikimedia.org/wiki/File:Gattaca.jpg
494722	494722.webp	Stand by Me (1986)	kennejima	CC BY 2.0	https://commons.wikimedia.org/wiki/File:The_%22Stand_By_Me%22_bridge_at_Lake_Britton_(6729374065).jpg
496255	496255.webp	Dial M for Murder (1954)	Bill Gold	Public domain	https://commons.wikimedia.org/wiki/File:Dial_M_For_Murder.jpg
496266	496266.webp	Charade (1963)	"Copyright © 1963 by Universal Pictures Co., Inc."	Public domain	https://commons.wikimedia.org/wiki/File:Charade_(1963_poster).jpg
498109	498109.webp	Rush Hour 3 (2007)	Schreibwerkzeug	CC BY-SA 4.0	https://commons.wikimedia.org/wiki/File:Rush_Hour_3_Logo.png
499851	499851.webp	Now You See Me (2013)	Summit Entertainment K/O Paper Products SOIXAN7E QUIN5E See Me Louisiana	Public domain	https://commons.wikimedia.org/wiki/File:Now_You_See_Me.jpg
501105	501105.webp	The 39 Steps (1935)	Fox Film Corp.	Public domain	https://commons.wikimedia.org/wiki/File:The_39_Steps_(1935)_-_poster.jpg
503638	503638.webp	Easy Rider (1969)	Joachim Köhler	CC BY-SA 3.0	https://commons.wikimedia.org/wiki/File:ZweiRadMuseumNSU_EasyRider.JPG
504053	504053.webp	Ocean's Twelve (2004)	Photo by Airman 1st Class Tanaya M. Harms	Public domain	https://commons.wikimedia.org/wiki/File:Pitt_Clooney_Damon.jpg
536560	536560.webp	Lolita (1962)	Stanley Kubrick	Public domain	https://commons.wikimedia.org/wiki/File:Lolita_Trailer_(Sceenshot).jpg
546829	546829.webp	Frankenstein (1931)	Karoly Grosz	Public domain	https://commons.wikimedia.org/wiki/File:Frankenstein_poster_1931.jpg
570567	570567.webp	Last Tango in Paris (1972)	Filoump	CC BY-SA 3.0	https://commons.wikimedia.org/wiki/File:Ultimo_tango_a_Parigi_-_wikillustrazione_1.jpg
571032	571032.webp	Django Unchained (2012)	Original: Columbia Pictures Vectorization: Logovectorizer	Public domain	https://commons.wikimedia.org/wiki/File:Django_Unchained_logo.svg
579928	579928.webp	The SpongeBob SquarePants Movie (2004)	Paramount Pictures / Nickelodeon Movies	Public domain	https://commons.wikimedia.org/wiki/File:The-spongebob-squarepants-movie-logo.png
590216	590216.webp	Oz the Great and Powerful (2013)	Gage Skidmore from Peoria, AZ, United States of America	CC BY-SA 2.0	https://commons.wikimedia.org/wiki/File:Michelle_Williams_%26_Mila_Kunis_(7587123598).jpg
596623	596623.webp	The Leopard (1963)	Luchino Visconti	Public domain	https://commons.wikimedia.org/wiki/File:Il_gattopardo.jpg
607179	607179.webp	Rosemary's Baby (1968)	NBC TV	Public domain	https://commons.wikimedia.org/wiki/File:Mia_Farrow_-_Rosemary's_Baby.jpg
607910	607910.webp	Con Air (1997)	Machete kills	CC BY-SA 4.0	https://commons.wikimedia.org/wiki/File:Con_Air.png
622240	622240.webp	In the Heat of the Night (1967)	United Artists (Q219400)	Public domain	https://commons.wikimedia.org/wiki/File:In_the_Heat_of_the_Night.jpg
622769	622769.webp	Man of Steel (2013)	Warner Bros. Pictures	Public domain	https://commons.wikimedia.org/wiki/File:Man_of_Steel_logo_(Text).png
623051	623051.webp	Night of the Living Dead (1968)	Walter Reade Organization, Inc.	Public domain	https://commons.wikimedia.org/wiki/File:Night_Of_The_Living_Dead_trailer_screenshot.jpg
626483	626483.webp	Tron (1982)	Tony Webster from Portland, Oregon, United States	CC BY 2.0	https://commons.wikimedia.org/wiki/File:TRON_(17182966611).jpg
628082	628082.webp	In Time (2011)	20th Century Fox	Public domain	https://commons.wikimedia.org/wiki/File:In_Time_Logo.png
628154	628154.webp	Mission: Impossible – Ghost Protocol (2011)	Jc809	CC BY-SA 4.0	https://commons.wikimedia.org/wiki/File:2011-12-14-missionimpossible.jpg
631103	631103.webp	Mean Girls (2004)	Paramount Pictures	Public domain	https://commons.wikimedia.org/wiki/File:Mean_Girls.jpg
637820	637820.webp	Amour (2012)	Georges Biard	CC BY-SA 3.0	https://commons.wikimedia.org/wiki/File:Amour_Cannes_2012.jpg
638544	638544.webp	Oblivion (2013)	Universal Pictures	Public domain	https://commons.wikimedia.org/wiki/File:Oblivion-2013-Movie-Title.jpg
641061	641061.webp	The Greatest Show on Earth (1952)	Paramount Pictures	Public domain	https://commons.wikimedia.org/wiki/File:Cecil_B._DeMille's_Greatest_!_The_Greatest_Show_on_Earth%2C_1952.jpg
641760	641760.webp	Ted (2012)	IShowSammy	Public domain	https://commons.wikimedia.org/wiki/File:Ted_(film)_logo.svg
644987	644987.webp	Chinatown (1974)	Original: Paramount Pictures Vectorization: Logovectorizer	Public domain	https://commons.wikimedia.org/wiki/File:Chinatown_logo.svg
645094	645094.webp	The Best Years of Our Lives (1946)	"Copyright 1946 RKO Radio Pictures Inc."	Public domain	https://commons.wikimedia.org/wiki/File:The_Best_Years_of_Our_Lives_(1946_poster).jpg
646633	646633.webp	The Patriot (2000)	Diseñadores publicitarios	Public domain	https://commons.wikimedia.org/wiki/File:The_patriot.svg
648312	648312.webp	The Italian Job (2003)	The Italian Job – Jagd auf Millionen	Public domain	https://commons.wikimedia.org/wiki/File:Theitalianjob-logo.svg
649165	649165.webp	Being John Malkovich (1999)	photo credit: vhf victor felder	CC BY 2.5	https://commons.wikimedia.org/wiki/File:JohnMalkovich2005Locarno.jpg
658041	658041.webp	Thelma & Louise (1991)	Metro-Goldwyn-Mayer	Public domain	https://commons.wikimedia.org/wiki/File:Thelma_%26_Louise.png
660950	660950.webp	Blue Velvet (1986)	Umberto Montiroli	Public domain	https://commons.wikimedia.org/wiki/File:Blue_Velvet_(1986)_-_Lobby_Card.jpg
669929	669929.webp	The Circus (1928)	Hap Hadley	Public domain	https://commons.wikimedia.org/wiki/File:The_Circus_(1928)_-_Hap_Hadley_poster.jpg
676039	676039.webp	The Grapes of Wrath (1940)	"Copyright by Twentieth Century-Fox-Film Corp. MCMXXXX"	Public domain	https://commons.wikimedia.org/wiki/File:The_Grapes_of_Wrath_(1940_poster).jpg
676513	676513.webp	Meet Joe Black (1998)	Diseñadores gráficos	Public domain	https://commons.wikimedia.org/wiki/File:Meet_Joe_Black.svg
696042	696042.webp	Hulk (2003)	Universal Production	Public domain	https://commons.wikimedia.org/wiki/File:Hulk_2003_logo.webp
696057	696057.webp	Around the World in 80 Days (1956)	Bill Doll & Co. (publicity), New York	Public domain	https://commons.wikimedia.org/wiki/File:Mike_Todd_Frank_Sinatra_Around_the_World_in_80_Days_1956.JPG
713979	713979.webp	Cat on a Hot Tin Roof (1958)	Reynold Brown	Public domain	https://commons.wikimedia.org/wiki/File:Cat_roof.jpg
719915	719915.webp	The Hobbit: The Desolation of Smaug (2013)	New Line Cinema	Public domain	https://commons.wikimedia.org/wiki/File:Thehobbittrilogy.png
725552	725552.webp	Misery (1990)	MGM	Public domain	https://commons.wikimedia.org/wiki/File:Misery_(Film)_Logo.png
731310	731310.webp	Manhattan (1979)	United Artists	Public domain	https://commons.wikimedia.org/wiki/File:Manhattan_(film)_Black_logo.svg
732960	732960.webp	Drive (2011)	The Refinery FilmDistrict	Public domain	https://commons.wikimedia.org/wiki/File:Drive_2011_Film.svg
736731	736731.webp	The Three Caballeros (1944)	Disney	Public domain	https://commons.wikimedia.org/wiki/File:Los_tres_caballeros_logo.webp
737904	737904.webp	Asterix & Obelix: Mission Cleopatra (2002)	Unknown authorUnknown author	Public domain	https://commons.wikimedia.org/wiki/File:Asterix.svg
738552	738552.webp	The Life of Emile Zola (1937)	The copyright notice reads: "Copyright Vitagraph Inc. All Rights Reserved. Copyright waived to maga…	Public domain	https://commons.wikimedia.org/wiki/File:The_Life_of_Emile_Zola_(1937_film_poster).jpg
741878	741878.webp	Good Morning, Vietnam (1987)	U.S. Air Force photo / Airman 1st Class Tabitha M. Mans	Public domain	https://commons.wikimedia.org/wiki/File:Robin_Williams_Aviano.jpg
746029	746029.webp	3:10 to Yuma (2007)	Sean Devine at http://picasaweb.google.com/seanmdevine	CC BY-SA 3.0	https://commons.wikimedia.org/wiki/File:310YumaWagonFilming.jpg
746733	746733.webp	The Ten Commandments (1956)	Illustrated by Macario Gómez Quibus. "Copyright © 1956 Paramount Pictures Corporation."	Public domain	https://commons.wikimedia.org/wiki/File:The_Ten_Commandments_(1956_film_poster).jpg
747570	747570.webp	An American in Paris (1951)	"Copyright 1951 Loew's Incorporated"	Public domain	https://commons.wikimedia.org/wiki/File:An_American_in_Paris_(1951_film_poster).jpg
747936	747936.webp	Paths of Glory (1957)	"Copyright 1957 United Artists Corporation."	Public domain	https://commons.wikimedia.org/wiki/File:Paths_of_Glory_(1957_poster).jpg
748986	748986.webp	Natural Born Killers (1994)	Warner Bros.	Public domain	https://commons.wikimedia.org/wiki/File:Natural_Born_Killers_logo.png
753899	753899.webp	Scott Pilgrim vs. the World (2010)	WikiPhoenix	Public domain	https://commons.wikimedia.org/wiki/File:Scott_Pilgrim_vs_the_World_Wordmark.svg
777739	777739.webp	Ivan Vasilievich: Back to the Future (1973)	Kh. Betredinova	Public domain	https://commons.wikimedia.org/wiki/File:Leonid_Gaidai_2023_cover_of_Russia.jpg
788822	788822.webp	Her (2013)	aphrodite-in-nyc from new york city	CC BY 2.0	https://commons.wikimedia.org/wiki/File:Her_Premiere_NYFF_2013.jpg
817159	817159.webp	All the King's Men (1950)	"Copyright 1949 Columbia Pictures Corp."	Public domain	https://commons.wikimedia.org/wiki/File:All_the_King's_Men_(1949_film_poster).jpg
818710	818710.webp	Zorba the Greek (1964)	Unknown authorUnknown author or not mentioned in the source	Public domain	https://commons.wikimedia.org/wiki/File:AQ_Zorba_el_Griego.jpg
819972	819972.webp	The Transporter (2002)	The Transporter	Public domain	https://commons.wikimedia.org/wiki/File:The_transporter.svg
834165	834165.webp	Looney Tunes: Back in Action (2003)	Warner Bros.	Public domain	https://commons.wikimedia.org/wiki/File:Looneytunes-bia-logo.svg
838149	838149.webp	The Mirror (1975)	Mosfilm	Public domain	https://commons.wikimedia.org/wiki/File:Mirror_(1975)_Andrei_Tarkovsky_(Logo).png
841335	841335.webp	Mean Streets (1973)	Warner Bros.	Public domain	https://commons.wikimedia.org/wiki/File:Mean_Streets_(Title_logo).png
842306	842306.webp	Saludos Amigos (1942)	The Walt Disney Company	Public domain	https://commons.wikimedia.org/wiki/File:Saludos_Amigos_3.jpg
844883	844883.webp	Seven Years in Tibet (1997)	Sanghee01	CC BY-SA 4.0	https://commons.wikimedia.org/wiki/File:SevenYearsInTibet01.jpg
845176	845176.webp	War and Peace (1965)	shakko	CC BY-SA 3.0	https://commons.wikimedia.org/wiki/File:War_and_Peace_(1967%2C_Russia)_movie_script.jpg
853718	853718.webp	Fun and Fancy Free (1947)	Walt Disney Animation Studios	Public domain	https://commons.wikimedia.org/wiki/File:Fun_and_fancy_free_logo.png
867283	867283.webp	The Iron Giant (1999)	Doug Kline	CC BY 2.0	https://commons.wikimedia.org/wiki/File:Iron_Giant%2C_LA_Animation_Festival%2C_Christopher_McDonald%2C_Brad_Bird%2C_Eli_Marienthol.jpg
869741	869741.webp	Melody Time (1948)	Walt Disney Animation Studios	Public domain	https://commons.wikimedia.org/wiki/File:Melody_Time_logo.png
892735	892735.webp	The Great Gatsby (2013)	Eva Rinaldi	CC BY-SA 2.0	https://commons.wikimedia.org/wiki/File:Joel_Edgerton%2C_Baz_Luhrmann%2C_Elizabeth_Debicki%2C_Carey_Mulligan%2C_Tobey_Maguire_and_Catherine_Martin.jpg
918363	918363.webp	Cabaret (1972)	Allied Artists Pictures Corporation	Public domain	https://commons.wikimedia.org/wiki/File:Liza_Minnelli_Cabaret_1972_crop.JPG
918367	918367.webp	Mississippi Burning (1988)	Orion Pictures	Public domain	https://commons.wikimedia.org/wiki/File:Mississippi_Burning_-_logo.png
919649	919649.webp	The Hobbit: The Battle of the Five Armies (2014)	New Line Cinema	Public domain	https://commons.wikimedia.org/wiki/File:Thehobbittrilogy.png
928019	928019.webp	Kill Bill: Volume 2 (2004)	quentin tarantino	Public domain	https://commons.wikimedia.org/wiki/File:Killbill-vol2-logo.svg
943338	943338.webp	Hitch (2005)	Schreibwerkzeug	CC BY-SA 4.0	https://commons.wikimedia.org/wiki/File:Hitch_Logo.png
948023	948023.webp	Dersu Uzala (1975)	Vladimir Arsenyev	Public domain	https://commons.wikimedia.org/wiki/File:Dersuuzala.jpg
949228	949228.webp	Sholay (1975)	Mayimbú	Public domain	https://commons.wikimedia.org/wiki/File:Sholay.png
994481	994481.webp	The Wild Bunch (1969)	Unknown authorUnknown author	Public domain	https://commons.wikimedia.org/wiki/File:Wild_Bunch_Peckinpah_%26_Holden.jpg
1009788	1009788.webp	The Conversation (1974)	Machete kills	CC BY-SA 4.0	https://commons.wikimedia.org/wiki/File:The-conversation.png
1187607	1187607.webp	Edge of Tomorrow (2014)	Warner Bros. Pictures / Village Roadshow Pictures	CC BY-SA 3.0	https://commons.wikimedia.org/wiki/File:Edge_of_Tomorrow_Logo.jpg
1201853	1201853.webp	Thor: The Dark World (2013)	Marvel Studios	Public domain	https://commons.wikimedia.org/wiki/File:Thor.png
1243029	1243029.webp	Friday the 13th (1980)	Sean Cunningham Films Ltd. Paramount Pictures	Public domain	https://commons.wikimedia.org/wiki/File:Friday_the_13th_(1979_Variety_advertisement).jpg
1253366	1253366.webp	The Smurfs 2 (2013)	Sony Pictures Animation	Public domain	https://commons.wikimedia.org/wiki/File:The_Smurfs_2_logo.png
1345920	1345920.webp	Song of the South (1946)	Unknown authorUnknown author	Public domain	https://commons.wikimedia.org/wiki/File:Song_of_the_South_(three_sheet_poster).jpg
1392744	1392744.webp	The Wolf of Wall Street (2013)	Siebbi	CC BY 3.0	https://commons.wikimedia.org/wiki/File:Leonardo_DiCaprio_2010.jpg
1405126	1405126.webp	American Psycho (2000)	Lionsgate	Public domain	https://commons.wikimedia.org/wiki/File:American_Psycho.png
1741232	1741232.webp	Mission: Impossible (1996)	Mission: Impossible (Film)	Public domain	https://commons.wikimedia.org/wiki/File:Mi-logo.svg
1757288	1757288.webp	Mad Max: Fury Road (2015)	Warner Bros. Pictures / Village Roadshow Pictures / RatPac-Dune Entertainment	Public domain	https://commons.wikimedia.org/wiki/File:Mad_Max_Fury_Road_logo.png
1765358	1765358.webp	Captain America: The Winter Soldier (2014)	John Roberti	CC BY-SA 4.0	https://commons.wikimedia.org/wiki/File:Captain_America_The_Winter_Soldier_logo.svg
1768437	1768437.webp	Rush (2013)	Elena Ringo	CC BY 3.0	https://commons.wikimedia.org/wiki/File:Daniel_Br%C3%BChl%2C_Niki_Lauda_and_Peter_Morgan.jpg
2579784	2579784.webp	Gravity (2013)	Alan Light	CC BY 2.0	https://commons.wikimedia.org/wiki/File:Warner_Brothers_studio_tour_(13084977233).jpg
2907178	2907178.webp	Blue Jasmine (2013)	Versedi	Public domain	https://commons.wikimedia.org/wiki/File:Blue_Jasmine.svg
2937646	2937646.webp	Captain Phillips (2013)	Michael De Luca Productions Scott Rudin Productions Translux Trigger Street Productions	Public domain	https://commons.wikimedia.org/wiki/File:Captain_Phillips.jpg
3023357	3023357.webp	12 Years a Slave (2013)	Regency Enterprises Film4 River Road Entertainment Plan B Entertainment	Public domain	https://commons.wikimedia.org/wiki/File:12_Years_a_Slave.jpg
3520498	3520498.webp	Dallas Buyers Club (2013)	Voltage Pictures Truth Entertainment	Public domain	https://commons.wikimedia.org/wiki/File:Dallas_Buyers_Club_logo.png
3521099	3521099.webp	The Grand Budapest Hotel (2014)	Fox Searchlight Pictures / American Empirical Pictures / Annie Atkins / Marmolejo1489	Public domain	https://commons.wikimedia.org/wiki/File:The_Grand_Budapest_Hotel_movie_logo.png
3604746	3604746.webp	Avatar: The Way of Water (2022)	Generalitat de Catalunya - Departament de Cultura	Attribution	https://commons.wikimedia.org/wiki/File:Estrena_en_catal%C3%A0_d'Avatar_El_sentit_de_l'aigua_3.jpg
4103201	4103201.webp	Boyhood (2014)	Cygomezm	CC BY-SA 4.0	https://commons.wikimedia.org/wiki/File:Boyhood-logo.svg
4254026	4254026.webp	The Amazing Spider-Man 2 (2014)	Marvel Studios	CC BY-SA 3.0	https://commons.wikimedia.org/wiki/File:The_Amazing_Spider-Man_2_2014-04-05_18-17.png
4499813	4499813.webp	Home (2015)	Chuck Kennedy for White House	Public domain	https://commons.wikimedia.org/wiki/File:Barack_Obama%2C_Steve_Martin%2C_Jim_Parsons%2C_DreamWorks_Animation%2C_2013.jpg
4985891	4985891.webp	X-Men: Days of Future Past (2014)	Jc809	Public domain	https://commons.wikimedia.org/wiki/File:X-Men_Days_of_Future_Past_Title.png
5516100	5516100.webp	Fast & Furious 6 (2013)	Universal Pictures	Public domain	https://commons.wikimedia.org/wiki/File:The-fast-and-the-furious-6.png
5540479	5540479.webp	The Conjuring (2013)	Self created (screenshot)	Public domain	https://commons.wikimedia.org/wiki/File:The_Conjuring.jpg
5887360	5887360.webp	Guardians of the Galaxy (2014)	The Walt Disney Company	Public domain	https://commons.wikimedia.org/wiki/File:Guardians_of_the_Galaxy_Logo_Black.svg
7561043	7561043.webp	Final Destination (2000)	Ammazzavampiri	Public domain	https://commons.wikimedia.org/wiki/File:Final_Destination_1_Logo.png
7731172	7731172.webp	Godzilla (2014)	Legendary Pictures	CC BY 3.0	https://commons.wikimedia.org/wiki/File:Godzilla_(2014)_-_Logo.svg
7765993	7765993.webp	The SpongeBob Movie: Sponge Out of Water (2015)	Nickelodeon Movies	Public domain	https://commons.wikimedia.org/wiki/File:The_SpongeBob_Movie_Sponge_Out_of_Water_logo.png
8561227	8561227.webp	Divergent (2014)	Lkaliba	CC BY-SA 4.0	https://commons.wikimedia.org/wiki/File:Divergent.png
9013673	9013673.webp	American Hustle (2013)	Unknown authorUnknown author	Public domain	https://commons.wikimedia.org/wiki/File:American_Hustle_Logo.png
11648811	11648811.webp	Blue Is the Warmest Colour (2013)	Georges Biard	CC BY-SA 3.0	https://commons.wikimedia.org/wiki/File:La_Vie_d'Ad%C3%A8le_casting_Cannes_2013.jpg
12125299	12125299.webp	Jupiter Ascending (2015)	Warner Bros. Pictures / Village Roadshow Pictures	Public domain	https://commons.wikimedia.org/wiki/File:Jupiterasc.png
13099455	13099455.webp	The Maze Runner (2014)	Rayukk	CC BY-SA 4.0	https://commons.wikimedia.org/wiki/File:Maze_Runner_Logo.svg
13255497	13255497.webp	Birdman (2014)	Unknown authorUnknown author	Public domain	https://commons.wikimedia.org/wiki/File:Birdman_logo.png
13417189	13417189.webp	Interstellar (2014)	Super Galaxy II	CC0	https://commons.wikimedia.org/wiki/File:Interstellar-logo.jpg
13619743	13619743.webp	Minions (2015)	Netflix / Illumination Entertainment	Public domain	https://commons.wikimedia.org/wiki/File:%D8%B4%D8%B9%D8%A7%D8%B1_%D9%81%D9%8A%D9%84%D9%85_%D8%A7%D9%84%D9%85%D9%8A%D9%86%D9%8A%D9%88%D9%86.svg
14171368	14171368.webp	Avengers: Age of Ultron (2015)	Cygomezm	CC BY-SA 4.0	https://commons.wikimedia.org/wiki/File:Avengers-age-of-ultron-logo.svg
14566553	14566553.webp	Fifty Shades of Grey (2015)	Focus Features, Michael De Luca Productions, Trigger Street Productions	Public domain	https://commons.wikimedia.org/wiki/File:Fifty_Shades_of_Grey_film_logo.svg
14650496	14650496.webp	Furious 7 (2015)	Universal Pictures	Public domain	https://commons.wikimedia.org/wiki/File:Furious-7-logo.png
14786561	14786561.webp	Fury (2014)	Paul Hermans	CC BY-SA 4.0	https://commons.wikimedia.org/wiki/File:M4A2E8_Sherman_Fury_Tank_Museum_Bovington_19-05-2017_10-55-23.jpg
14918344	14918344.webp	The Imitation Game (2014)	The Weinstein Company	Public domain	https://commons.wikimedia.org/wiki/File:The_Imitation_Game_logo.svg
14920425	14920425.webp	Gone Girl (2014)	aphrodite-in-nyc from new york city	CC BY 2.0	https://commons.wikimedia.org/wiki/File:Gone_Girl_Premiere_at_the_52nd_New_York_Film_Festival_P1070670_(15184372097).jpg
15046091	15046091.webp	Cinderella (2015)	Walt Disney Pictures	Public domain	https://commons.wikimedia.org/wiki/File:Cinderella_(2015)_Logo_Black.svg
15068238	15068238.webp	Kingsman: The Secret Service (2014)	Marv Films	Public domain	https://commons.wikimedia.org/wiki/File:Kingsman.png
15079318	15079318.webp	The Theory of Everything (2014)	fanart.tv	Public domain	https://commons.wikimedia.org/wiki/File:Logo_de_The_Theory_of_Everything.png
15140437	15140437.webp	Terminator Genisys (2015)	20th Century Studios	Public domain	https://commons.wikimedia.org/wiki/File:Terminator-genisys-logo.svg
15524911	15524911.webp	The Interview (2014)	Point Grey Pictures, LStar Capital	Public domain	https://commons.wikimedia.org/wiki/File:The_Interview.png
15616479	15616479.webp	Penguins of Madagascar (2014)	DreamWorks Animation	Public domain	https://commons.wikimedia.org/wiki/File:Penguins_of_Madagascar_logo.svg
15624215	15624215.webp	Lucy (2014)	Schreibwerkzeug	CC BY-SA 4.0	https://commons.wikimedia.org/wiki/File:Lucy_(Film)_Logo.png
15648198	15648198.webp	Whiplash (2014)	PunkToad from oakland, us	CC BY 2.0	https://commons.wikimedia.org/wiki/File:Damien_Chazelle_(12186671286).jpg
15732802	15732802.webp	John Wick (2014)	CMetalCore This W3C-unspecified vector image was created with Inkscape .	CC BY-SA 4.0	https://commons.wikimedia.org/wiki/File:JohnWick_logo_bg.svg
15733440	15733440.webp	Annabelle (2014)	Schreibwerkzeug	CC BY-SA 4.0	https://commons.wikimedia.org/wiki/File:Annabelle_(2014)_Logo.png
15929448	15929448.webp	Star Trek Beyond (2016)	Paramount Pictures	Public domain	https://commons.wikimedia.org/wiki/File:Star_Trek_Beyond_Logo.png
16635326	16635326.webp	Ex Machina (2014)	Lemilio775	Public domain	https://commons.wikimedia.org/wiki/File:Logo_ex_machina.png
16795448	16795448.webp	Fantastic Four (2015)	Alek Leckszas	CC BY-SA 4.0	https://commons.wikimedia.org/wiki/File:Los_Angeles_with_Mount_Baldy.jpg
16970789	16970789.webp	American Sniper (2014)	Warner Bros. Pictures / Village Roadshow Pictures	Public domain	https://commons.wikimedia.org/wiki/File:American-sniper-logo.svg
17337292	17337292.webp	Sicario (2015)	Lionsgate Films, Black Label Media, Thunder Road Pictures	Public domain	https://commons.wikimedia.org/wiki/File:Sicario_(2015)_Logo.png
17485699	17485699.webp	Alice Through the Looking Glass (2016)	Walt Disney Pictures	Public domain	https://commons.wikimedia.org/wiki/File:Alice_Through_the_Looking_Glass_Logo.svg
17548046	17548046.webp	Mission: Impossible – Rogue Nation (2015)	Paramount Pictures	Public domain	https://commons.wikimedia.org/wiki/File:Mission_Impossible_Rogue_Nation_Logo.png
18002795	18002795.webp	The Revenant (2015)	New Regency Pictures	Public domain	https://commons.wikimedia.org/wiki/File:The_Revenant.svg
18067135	18067135.webp	Bridge of Spies (2015)	Tobias-Maverick Neumann	CC BY-SA 3.0	https://commons.wikimedia.org/wiki/File:Berlin_Krise_1961.jpg
18154496	18154496.webp	Spotlight (2015)	Open Road Films	Public domain	https://commons.wikimedia.org/wiki/File:Logo_Film_Spotlight.svg
18199330	18199330.webp	Fantastic Beasts and Where to Find Them (2016)	Gage Skidmore	CC BY 2.0	https://commons.wikimedia.org/wiki/File:Fantastic_Beasts_%26_Where_to_Find_Them_Cast_(Cropped).jpg
18199331	18199331.webp	Fantastic Beasts: The Crimes of Grindelwald (2018)	Gage Skidmore from Peoria, AZ, United States of America	CC BY-SA 2.0	https://commons.wikimedia.org/wiki/File:Aisha_Tyler%2C_Eddie_Redmayne%2C_Claudia_Kim%2C_Zo%C3%AB_Kravitz%2C_Callum_Turner%2C_Ezra_Miller%2C_Alison_Sudol%2C_Dan_Fogler%2C_Katherine_Waterston_%26_Jude_Law_(43001995914).jpg
18225084	18225084.webp	The Hateful Eight (2015)	The Weinstein Company	Public domain	https://commons.wikimedia.org/wiki/File:The_Hateful_Eight_logo.png
18406872	18406872.webp	Doctor Strange (2016)	John Roberti	CC BY-SA 4.0	https://commons.wikimedia.org/wiki/File:Doctor-Strange-logo.svg
18407657	18407657.webp	Captain America: Civil War (2016)	Oliviadelgado	CC BY-SA 4.0	https://commons.wikimedia.org/wiki/File:Brian-lynch-premiere-captain-america-civil-war-01.jpg
18486021	18486021.webp	Star Wars: Episode VIII – The Last Jedi (2017)	Walt Disney Motion Pictures & Lucasfilm LTD	Public domain	https://commons.wikimedia.org/wiki/File:Ep8_teaser_1-sht_v2_sm.jpg
18547944	18547944.webp	The Martian (2015)	Cygomezm	Public domain	https://commons.wikimedia.org/wiki/File:The-martian-logo.svg
18602670	18602670.webp	Spectre (2015)	Unknown authorUnknown author	Public domain	https://commons.wikimedia.org/wiki/File:Logo_oficial_de_Spectre.jpeg
18604504	18604504.webp	Suicide Squad (2016)	SimcaCZE	CC BY-SA 4.0	https://commons.wikimedia.org/wiki/File:Sebevra%C5%BEedn%C3%BD_odd%C3%ADl_v_kin%C4%9B_Imax.jpg
18844656	18844656.webp	The Secret Life of Pets (2016)	Fred Romero from Paris, France	CC BY 2.0	https://commons.wikimedia.org/wiki/File:K%C3%B8benhavn_-_Nordisk_Film_Biografer_Palads_(25363585019).jpg
19347291	19347291.webp	Deadpool (2016)	https://www.flickr.com/people/49347467@N05/	CC BY-SA 2.0	https://commons.wikimedia.org/wiki/File:Deadpool%2C_Georgia_Viaduct%2C_Vancouver%2C_April_6_2015_-_3.jpg
19347583	19347583.webp	The Danish Girl (2015)	Johanna	CC BY-SA 2.0	https://commons.wikimedia.org/wiki/File:FIDM_Museum_-_Film_costumes_-_The_Danish_Girl_(24813253151).jpg
19590955	19590955.webp	Rogue One: A Star Wars Story (2016)	Lucasfilm, Ltd.	Public domain	https://commons.wikimedia.org/wiki/File:Star_Wars_Rogue_One_Logo.svg
19829521	19829521.webp	The Fate of the Furious (2017)	Rayukk	CC BY-SA 4.0	https://commons.wikimedia.org/wiki/File:Fast_and_Furious_8_Logo.svg
19850715	19850715.webp	The Big Short (2015)	This vector image includes elements that have been taken or adapted from this file:	Public domain	https://commons.wikimedia.org/wiki/File:The_Big_Short_logo.svg
19946102	19946102.webp	Beauty and the Beast (2017)	Gkaidan	CC BY-SA 4.0	https://commons.wikimedia.org/wiki/File:Beauty_and_the_beast.png
20001199	20001199.webp	Guardians of the Galaxy Vol. 2 (2017)	Marvel Studios	Public domain	https://commons.wikimedia.org/wiki/File:Guardians_of_the_Galaxy_Vol_2_Logo_Black.svg
20382729	20382729.webp	Arrival (2016)	Paramount Pictures	Public domain	https://commons.wikimedia.org/wiki/File:Arrival_2016_Film.png
20430699	20430699.webp	Alien: Covenant (2017)	Unknown authorUnknown author	Public domain	https://commons.wikimedia.org/wiki/File:Alien_Covenant_Logo.png
20501835	20501835.webp	Justice League (2017)	Warner Bros. Vectorized by Luca Dell'Orto	Public domain	https://commons.wikimedia.org/wiki/File:Justice_League_2017_film_logo.svg
20502242	20502242.webp	Wonder Woman (2017)	Sergey Galyonkin from Raleigh, USA	CC BY-SA 2.0	https://commons.wikimedia.org/wiki/File:Cosplayer_in_Wonder_Woman_costume_at_Igromir_2016_(29756516910).jpg
20962283	20962283.webp	Passengers (2015)	Columbia Pictures / LStar Capital / Village Roadshow Pictures / Wanda Pictures / Original Film / Co…	Public domain	https://commons.wikimedia.org/wiki/File:Passengers.png
20977110	20977110.webp	Star Wars: Episode IX – The Rise of Skywalker (2019)	Lucasfilm Ltd.	Public domain	https://commons.wikimedia.org/wiki/File:Star_Wars_The_Rise_of_Skywalker.png
21001651	21001651.webp	The Conjuring 2 (2016)	DAVID HOLT from London, England	CC BY 2.0	https://commons.wikimedia.org/wiki/File:London_June_21_2016_065_The_Conjuring_2_(27210897023).jpg
21010856	21010856.webp	Hacksaw Ridge (2016)	Summit Entertainment	Public domain	https://commons.wikimedia.org/wiki/File:Hacksaw_Ridge_Logo.png
21203766	21203766.webp	Kong: Skull Island (2017)	Legendary Pictures / Warner Bros. Pictures	Public domain	https://commons.wikimedia.org/wiki/File:Kong_Skull_Island_logo.png
21451640	21451640.webp	John Wick: Chapter 2 (2017)	sccpre	CC BY-SA 2.5	https://commons.wikimedia.org/wiki/File:John_Wick_2.png
21500755	21500755.webp	Blade Runner 2049 (2017)	Warner Bros. / Sony Pictures	Public domain	https://commons.wikimedia.org/wiki/File:Blade-runner-2049-logo_2.png
21527875	21527875.webp	Moonlight (2016)	A24	Public domain	https://commons.wikimedia.org/wiki/File:Moonlight_Film_Logo.png
21534241	21534241.webp	No Time to Die (2021)	Original: Metro-Goldwyn-Mayer & Eon Productions Vectorization: Mrmw	Public domain	https://commons.wikimedia.org/wiki/File:No_Time_To_Die_01.svg
21877685	21877685.webp	Jurassic World: Fallen Kingdom (2018)	Dick Thomas Johnson from Tokyo, Japan	CC BY 2.0	https://commons.wikimedia.org/wiki/File:Jurassic_World_Fallen_Kingdom_Japan_Premiere_Red_Carpet_(28237190517).jpg
21935651	21935651.webp	Dunkirk (2017)	Zadarkmc	CC BY-SA 4.0	https://commons.wikimedia.org/wiki/File:Dunkirk-Teaser-Poster-640x949.jpg
22000542	22000542.webp	Ready Player One (2018)	Netflix / Warner Bros. Pictures	Public domain	https://commons.wikimedia.org/wiki/File:%D8%B4%D8%B9%D8%A7%D8%B1_%D9%81%D9%8A%D9%84%D9%85_%D8%A7%D9%84%D9%84%D8%A7%D8%B9%D8%A8_%D8%A7%D9%84%D8%A3%D9%88%D9%84_%D9%8A%D8%B3%D8%AA%D8%B9%D8%AF.svg
22665878	22665878.webp	Thor: Ragnarok (2017)	Marvel Studios	Public domain	https://commons.wikimedia.org/wiki/File:Thor_Ragnarok_Logo_Black.svg
22957393	22957393.webp	Ant-Man and the Wasp (2018)	Walt Disney Studios Motion Pictures	Public domain	https://commons.wikimedia.org/wiki/File:Ant-Man_and_the_Wasp_Logo_Black.svg
22998395	22998395.webp	Aquaman (2018)	Gage Skidmore from Peoria, AZ, United States of America	CC BY-SA 2.0	https://commons.wikimedia.org/wiki/File:Chris_Hardwick_%26_Jason_Momoa_(35368589944)_(cropped).jpg
23006268	23006268.webp	Venom (2018)	Sony Pictures	Public domain	https://commons.wikimedia.org/wiki/File:Venom_2018_logo.png
23010088	23010088.webp	Spider-Man: Homecoming (2017)	John Roberti	CC BY-SA 4.0	https://commons.wikimedia.org/wiki/File:Spider-man-homecoming-logo.svg
23016644	23016644.webp	Baby Driver (2017)	Sony Pictures Entertainment	Public domain	https://commons.wikimedia.org/wiki/File:Logo_Baby_Driver_rosa.svg
23780734	23780734.webp	Black Panther (2018)	Walt Disney Studios Motion Pictures	Public domain	https://commons.wikimedia.org/wiki/File:Black_Panther_Logo_Black.svg
23780914	23780914.webp	Avengers: Infinity War (2018)	John Roberti	Public domain	https://commons.wikimedia.org/wiki/File:Avengers-infinity-war-logo.svg
23781129	23781129.webp	Captain Marvel (2019)	Walt Disney Studios Motion Pictures	Public domain	https://commons.wikimedia.org/wiki/File:Captain_Marvel_Logo_Black.svg
23781155	23781155.webp	Avengers: Endgame (2019)	Marvel Studios	Public domain	https://commons.wikimedia.org/wiki/File:Avengers_endgame_logo.png
23894626	23894626.webp	Black Widow (2021)	17jiangz1	Public domain	https://commons.wikimedia.org/wiki/File:Black_Widow.svg
23894629	23894629.webp	Eternals (2021)	Marvel Studios	Public domain	https://commons.wikimedia.org/wiki/File:Eternals_logo.png
24053263	24053263.webp	Logan (2017)	Mavelus	Public domain	https://commons.wikimedia.org/wiki/File:Logan_2.png
24053265	24053265.webp	Alita: Battle Angel (2019)	Jed Elias	CC BY-SA 4.0	https://commons.wikimedia.org/wiki/File:Alita-_Battle_Angel_teaser_poster.jpg
24053277	24053277.webp	Three Billboards Outside Ebbing, Missouri (2017)	Fox Searchlight Pictures	Public domain	https://commons.wikimedia.org/wiki/File:Logo_Three_Billboards_Outside_Ebbing%2C_Missouri_grau.svg
24272881	24272881.webp	Mary Poppins Returns (2018)	Walt Disney Studios Motion Pictures	Public domain	https://commons.wikimedia.org/wiki/File:Mary_Poppins_Returns_Logo_Black.svg
24278982	24278982.webp	Indiana Jones and the Dial of Destiny (2023)	Peugeoting	CC BY-SA 4.0	https://commons.wikimedia.org/wiki/File:Glasgow_High_Street_film_set.jpg
25136235	25136235.webp	Get Out (2017)	BRFZ1	Public domain	https://commons.wikimedia.org/wiki/File:GetOutFilm.jpg
25136484	25136484.webp	It (2017)	Lin Pictures Vertigo Entertainment KatzSmith Productions New Line Cinema	Public domain	https://commons.wikimedia.org/wiki/File:IT_(2017_film)_logo.svg
25136757	25136757.webp	Call Me by Your Name (2017)	Franz Richter (User:FRZ)	CC BY-SA 4.0	https://commons.wikimedia.org/wiki/File:Call_Me_By_Your_Name_Berlinale_8609_8610.jpg
25431158	25431158.webp	Deadpool 2 (2018)	Chris Olszewski	CC BY-SA 4.0	https://commons.wikimedia.org/wiki/File:Movie_advertisement_on_bus_in_Brisbane%2C_Australia.jpg
26698156	26698156.webp	The Shape of Water (2017)	TSG Entertainment; Fox Searchlight Pictures	Public domain	https://commons.wikimedia.org/wiki/File:Logo_The_Shape_of_Water_blau.svg
27038847	27038847.webp	Solo: A Star Wars Story (2018)	Lucasfilm LTD.	Public domain	https://commons.wikimedia.org/wiki/File:Solo-a-star-wars-story-tall-A_(cropped).png
27044293	27044293.webp	The Lion King (2019)	Disney	CC BY-SA 4.0	https://commons.wikimedia.org/wiki/File:The_Lion_King_2019_logo.png
27188178	27188178.webp	Aladdin (2019)	Walt Disney Land World Studios 24 Motion Pictures	Public domain	https://commons.wikimedia.org/wiki/File:Aladdin_2019_Logo_Black.svg
27894574	27894574.webp	Bohemian Rhapsody (2018)	w:20th Century Fox	Public domain	https://commons.wikimedia.org/wiki/File:Bohemian_Rhapsody_Teaser_Poster_-_2018_CinemaCon.png
27958298	27958298.webp	Darkest Hour (2017)	United Nations Information Office, New York	Public domain	https://commons.wikimedia.org/wiki/File:Sir_Winston_S_Churchill.jpg
27959455	27959455.webp	Roma (2018)	FLC001	Public domain	https://commons.wikimedia.org/wiki/File:Logo_Roma.png
27985819	27985819.webp	Spider-Man: Far From Home (2019)	John Roberti	CC BY-SA 4.0	https://commons.wikimedia.org/wiki/File:Spider-man-far-from-home.svg
28561715	28561715.webp	The Secret Life of Pets 2 (2019)	Razgrad	CC BY-SA 4.0	https://commons.wikimedia.org/wiki/File:RZ_Theatre_Cinq_1%E3%83%BB2%E3%83%BB3_2019-07_(8).jpg
29054009	29054009.webp	Terminator 3: Rise of the Machines (2003)	terminator 3	Public domain	https://commons.wikimedia.org/wiki/File:T3-logo.svg
29057443	29057443.webp	The Irishman (2019)	The Irishman	Public domain	https://commons.wikimedia.org/wiki/File:The_Irishman.png
29226331	29226331.webp	Guardians of the Galaxy Vol. 3 (2023)	Josephzbazin	CC BY-SA 4.0	https://commons.wikimedia.org/wiki/File:Guardians_of_the_Galaxy_Volume_3_Logo.svg
29261993	29261993.webp	Mission: Impossible – Fallout (2018)	https://www.flickr.com/photos/greg2600/	CC BY-SA 2.0	https://commons.wikimedia.org/wiki/File:Mission_Impossible_-_Fallout_Cast_at_the_Screening_(42922591624).jpg
29466808	29466808.webp	F9 (2021)	Logopedia, Universal Pictures	Public domain	https://commons.wikimedia.org/wiki/File:FastAndFurious9.png
29580929	29580929.webp	Avatar: Fire and Ash (2025)	20th Century Studios	Public domain	https://commons.wikimedia.org/wiki/File:Avatar_-_Fuoco_e_cenere.png
29906232	29906232.webp	Sonic the Hedgehog (2020)	Sega / Paramount Pictures	Public domain	https://commons.wikimedia.org/wiki/File:Sonic_the_Hedgehog_logo_(2020).png
31271369	31271369.webp	Fast X (2023)	Universal Pictures	Public domain	https://commons.wikimedia.org/wiki/File:Fast_X_logo.png
33408623	33408623.webp	Wonder Woman 1984 (2020)	DC	Public domain	https://commons.wikimedia.org/wiki/File:WonderWoman1984.png
39072454	39072454.webp	Terminator: Dark Fate (2019)	Skydance studio	CC BY-SA 4.0	https://commons.wikimedia.org/wiki/File:Terminator_Dark_Fate_(logo).png
42726338	42726338.webp	It: Chapter Two (2019)	Warner Bros. Pictures	Public domain	https://commons.wikimedia.org/wiki/File:It_Chapter_2.png
42759035	42759035.webp	Joker (2019)	Warner Bros. Pictures / Village Roadshow Pictures	Public domain	https://commons.wikimedia.org/wiki/File:Joker_(2019)_logotype.png
47300912	47300912.webp	Once Upon a Time in Hollywood (2019)	Original: Columbia Pictures & Sony Pictures Derivative work: Logovectorizer	Public domain	https://commons.wikimedia.org/wiki/File:Once_Upon_a_Time_in_Hollywood_logo.svg
48673898	48673898.webp	Green Book (2018)	User:Ieneach fan 'e Esk	CC BY-SA 3.0	https://commons.wikimedia.org/wiki/File:Green_book_logo.png
54860489	54860489.webp	Black Panther: Wakanda Forever (2022)	Josephzbazin	CC BY-SA 4.0	https://commons.wikimedia.org/wiki/File:Wakanda_Forever_Logo.svg
54862508	54862508.webp	Jojo Rabbit (2019)	GabboT	CC BY-SA 2.0	https://commons.wikimedia.org/wiki/File:Jojo_Rabbit_01_(48810532492).jpg
55178974	55178974.webp	Jurassic World Dominion (2022)	LosCriticologos	CC BY 3.0	https://commons.wikimedia.org/wiki/File:DeWanda_Wise_%26_Mamoudou_Athie.jpg
55436290	55436290.webp	Barbie (2023)	Dam0812	CC BY-SA 4.0	https://commons.wikimedia.org/wiki/File:Barbie_and_Ken_costumes_from_Barbie_movie_at_Warner_Bros._Studio_Tour_Hollywood.jpg
56559254	56559254.webp	Hobbs & Shaw (2019)	JarekKorytkowskiArias	CC BY-SA 4.0	https://commons.wikimedia.org/wiki/File:Hobbsyshaw.png
56881140	56881140.webp	Little Women (2019)	Mofa2016	Public domain	https://commons.wikimedia.org/wiki/File:LittleWomen2019Logo.jpg
57317060	57317060.webp	The Suicide Squad (2021)	b7378q8	CC BY 2.0	https://commons.wikimedia.org/wiki/File:Suicide_Squad_filming_in_Toronto_13.jpg
57982486	57982486.webp	Knives Out (2019)	Jpg8	Public domain	https://commons.wikimedia.org/wiki/File:KnivesOutLogo.png
59690895	59690895.webp	Onward (2020)	The Walt Disney Company	Public domain	https://commons.wikimedia.org/wiki/File:Onward_logo.svg
60498064	60498064.webp	Venom: Let There Be Carnage (2021)	Sony	Public domain	https://commons.wikimedia.org/wiki/File:Venom_Let_There_Be_Carnage.webp
60834962	60834962.webp	Dune (2021)	Warner Bros. Pictures	Public domain	https://commons.wikimedia.org/wiki/File:Dune_2021_transparent_logo.png
60997779	60997779.webp	Minions: The Rise of Gru (2022)	Netflix / Illumination Entertainment	Public domain	https://commons.wikimedia.org/wiki/File:%D8%B4%D8%B9%D8%A7%D8%B1_%D8%A7%D9%84%D9%85%D9%8A%D9%86%D9%8A%D9%88%D9%86_%D8%A7%D8%B1%D8%AA%D9%82%D8%A7%D8%A1_%D8%BA%D8%B1%D9%88.svg
61117344	61117344.webp	The Batman (2022)	Warner Bros. Pictures and DC Films	Public domain	https://commons.wikimedia.org/wiki/File:The_Batman_2022_film_logo.png
61448040	61448040.webp	Parasite (2019)	Parasite (film)	Public domain	https://commons.wikimedia.org/wiki/File:Parasite_Korean_logo.png
61740820	61740820.webp	Nomadland (2020)	Bart ryker	CC BY-SA 4.0	https://commons.wikimedia.org/wiki/File:Venice_Film_Festival_2020_13.jpg
61876370	61876370.webp	Mission: Impossible – Dead Reckoning Part One (2023)	Paramount Pictures	Public domain	https://commons.wikimedia.org/wiki/File:Mission_Impossible_Dead_Reckoning_Part_One_Logo.svg
62721520	62721520.webp	1917 (2019)	Universal Pictures	Public domain	https://commons.wikimedia.org/wiki/File:1917logo.svg
63985561	63985561.webp	Tenet (2020)	Original: Warner Bros. Pictures Vectorization: Logovectorizer	Public domain	https://commons.wikimedia.org/wiki/File:Tenet_logo.svg
64211112	64211112.webp	Doctor Strange in the Multiverse of Madness (2022)	Josephzbazin	Public domain	https://commons.wikimedia.org/wiki/File:Multiverse_Of_Madness_Logo.svg
65768589	65768589.webp	Shang-Chi and the Legend of the Ten Rings (2021)	Marvel Studios	Public domain	https://commons.wikimedia.org/wiki/File:Shang-chi_logo.jpg
65768604	65768604.webp	Thor: Love and Thunder (2022)	Marvel Studios	Public domain	https://commons.wikimedia.org/wiki/File:ThorLoveandThunder.png
65921361	65921361.webp	Tom & Jerry (2021)	Turner Entertainment Co.	Public domain	https://commons.wikimedia.org/wiki/File:Tom_and_Jerry_logo.svg
66316924	66316924.webp	Killers of the Flower Moon (2023)	Original: Apple Studios, Imperative Entertainment & Paramount Pictures Derivative work: Logovectori…	Public domain	https://commons.wikimedia.org/wiki/File:Killers_of_the_Flower_Moon_logo.svg
68934496	68934496.webp	Spider-Man: No Way Home (2021)	Josephzbazin	CC BY-SA 4.0	https://commons.wikimedia.org/wiki/File:Spider_Man_No_Way_Home_Logo.svg
80322391	80322391.webp	The Matrix Resurrections (2021)	Warner Bros. Pictures / Village Roadshow Pictures	Public domain	https://commons.wikimedia.org/wiki/File:The_Matrix_Resurrections_Logo.jpg
83808444	83808444.webp	Everything Everywhere All at Once (2022)	Unknown authorUnknown author	Public domain	https://commons.wikimedia.org/wiki/File:Everything_everywhere_all_at_once_logo.jpg
100361490	100361490.webp	Don't Look Up (2021)	Netflix	Public domain	https://commons.wikimedia.org/wiki/File:Don't_Look_Up_logo.png
102180106	102180106.webp	Deadpool & Wolverine (2024)	David G. Gordon	CC BY-SA 4.0	https://commons.wikimedia.org/wiki/File:Concord_Pacific_Master_Plan_Area.jpg
105105219	105105219.webp	The Fantastic Four: First Steps (2025)	Walt Disney Studios Motion Pictures / Marvel	Public domain	https://commons.wikimedia.org/wiki/File:%D8%B4%D8%B9%D8%A7%D8%B1_%D9%81%D9%8A%D9%84%D9%85_%D8%B0%D8%A7_%D9%81%D8%A7%D9%86%D8%AA%D8%B3%D8%AA%D9%83_%D9%A4_%D8%A7%D9%84%D8%B1%D8%AD%D9%84%D8%A9_%D8%A7%D9%84%D8%A3%D9%88%D9%84%D9%89.svg
105359456	105359456.webp	Ant-Man and the Wasp: Quantumania (2023)	Josephzbazin	Public domain	https://commons.wikimedia.org/wiki/File:Ant_Man_And_The_Wasp_Quantumania_Logo.svg
105970894	105970894.webp	Sonic the Hedgehog 2 (2022)	Eric Liu	Public domain	https://commons.wikimedia.org/wiki/File:Sonic_2_logo.png
108760382	108760382.webp	Poor Things (2023)	Unknown authorUnknown author	Public domain	https://commons.wikimedia.org/wiki/File:PoorTh.png
108839994	108839994.webp	Oppenheimer (2023)	Original: Universal Pictures Derivative work: Logovectorizer	Public domain	https://commons.wikimedia.org/wiki/File:Oppenheimer_logo.svg
112322116	112322116.webp	Captain America: Brave New World (2025)	Josephzbazin	CC0	https://commons.wikimedia.org/wiki/File:Captain_America_Brave_New_World_Logo.svg
113244935	113244935.webp	Spider-Man: Brand New Day (2026)	Marvel Studios	Public domain	https://commons.wikimedia.org/wiki/File:Spider-Man_Brand_New_Day_Logo.svg
113380226	113380226.webp	The Substance (2024)	Jay Dixit	CC BY-SA 4.0	https://commons.wikimedia.org/wiki/File:The_cast_of_The_Substance_at_TIFF_(cropped).jpg
115789958	115789958.webp	Gladiator II (2024)	Dam0812	CC0	https://commons.wikimedia.org/wiki/File:Gladiator_II_logo.png
115859490	115859490.webp	Sonic the Hedgehog 3 (2024)	Paramount Pictures	Public domain	https://commons.wikimedia.org/wiki/File:Sonic_the_Hedgehog_3_(film)_logo.png
116547790	116547790.webp	Superman (2025)	NICF-Nettie	Public domain	https://commons.wikimedia.org/wiki/File:Superman_(2025)_text_logo.svg
117085614	117085614.webp	One Battle After Another (2025)	Sevgonlernassau	CC BY 4.0	https://commons.wikimedia.org/wiki/File:Vista_Theater_Presenting_One_Battle_After_Another_in_VistaVision_Sign.jpg
123185887	123185887.webp	Anora (2024)	Original: FilmNation Entertainment, Neon, Universal Pictures & Focus Features Derivative work: Logo…	Public domain	https://commons.wikimedia.org/wiki/File:Anora_logo.svg
131547207	131547207.webp	The Odyssey (2026)	Republic of Korea	CC BY-SA 4.0	https://commons.wikimedia.org/wiki/File:The_Odyssey_Press_Conference_at_Seoul_(August_3%2C_2026).jpg
